obs_wl_vac(nm)	unc_obs_wl	ritz_wl_vac(nm)	unc_ritz_wl	intens	Aki(s^-1)	fik	log_gf	Acc	Ei(cm-1)	Ek(cm-1)	conf_i	term_i	J_i	conf_k	term_k	J_k	Type	tp_ref	line_ref	
"193.45350"	"0.00001"	"193.453495"	"0.000004"	"309"	"2.5e+07"	"1.1e-02"	"-1.00"	C+	"0.000"	"51692.010"	"3d6.4s2"	"a 5D"	"4"	"3d6.(5D).4s (6D).5p"	"u 5P*"	"3"		"T2227"	"L11631"	
"193.72683"	"0.00001"	"193.726831"	"0.000004"	"240"	"2.2e+07"	"9.5e-03"	"-1.07"	C+	"0.000"	"51619.076"	"3d6.4s2"	"a 5D"	"4"	"3d6.(5D).4s (6D).5p"	"u 5F*"	"3"		"T2227"	"L11631"	
"194.06603"	"0.00001"	"194.066039"	"0.000005"	"191"	"2.6e+07"	"1.0e-02"	"-1.14"	D+	"415.933"	"51944.784"	"3d6.4s2"	"a 5D"	"3"	"3d6.(5D).4s (6D).5p"	"u 5P*"	"2"		"T2227"	"L11631"	
obs_wl_air(nm)	unc_obs_wl	ritz_wl_air(nm)	unc_ritz_wl	intens	Aki(s^-1)	fik	log_gf	Acc	Ei(cm-1)	Ek(cm-1)	conf_i	term_i	J_i	conf_k	term_k	J_k	Type	tp_ref	line_ref	
"213.20171"	"0.00001"	"213.201699"	"0.000006"	"510"	"7.6e+06"	"5.2e-03"	"-1.33"	C+	"0.000"	"46889.142"	"3d6.4s2"	"a 5D"	"4"	"3d6.(3F2).4s.4p.(3P*)"	"x 3F*"	"4"		"T2227"	"L11631"	
"213.85924"	"0.00001"	"213.859231"	"0.000006"	"115"	"2.8e+06"	"1.5e-03"	"-1.87"	D+	"0.000"	"46744.993"	"3d6.4s2"	"a 5D"	"4"	"3d7.(4P).4p"	"u 5D*"	"3"		"T2227"	"L11631"	
"214.51895"	"0.00001"	"214.518938"	"0.000007"	"275"	"5.7e+06"	"3.9e-03"	"-1.56"	C	"415.933"	"47017.188"	"3d6.4s2"	"a 5D"	"3"	"3d7.(4P).4p"	"w 3D*"	"3"		"T2227"	"L11631"	
"215.30065"	"0.00001"	"215.300638"	"0.000007"	"219"	"6.9e+06"	"4.8e-03"	"-1.62"	C	"704.007"	"47136.084"	"3d6.4s2"	"a 5D"	"2"	"3d7.(4P).4p"	"w 3D*"	"2"		"T2227"	"L11631"	
"216.15790"	"0.00001"	"216.157900"	"0.000007"	"200"	"5.0e+06"	"5.8e-03"	"-1.76"	D+	"888.132"	"47136.084"	"3d6.4s2"	"a 5D"	"1"	"3d7.(4P).4p"	"w 3D*"	"2"		"T2227"	"L11631"	
"216.67732"	"0.00004"	"216.677326"	"0.000006"	"3240"	"2.7e+08"	"1.5e-01"	"0.13"	D+	"0.000"	"46137.097"	"3d6.4s2"	"a 5D"	"4"	"3d7.(4P).4p"	"w 5P*"	"3"		"T2227"	"L11631"	
"217.12970"	"0.00001"	"217.129691"	"0.000007"	"245"	"5.1e+06"	"5.0e-03"	"-1.60"	D+	"704.007"	"46744.993"	"3d6.4s2"	"a 5D"	"2"	"3d7.(4P).4p"	"u 5D*"	"3"		"T2227"	"L11631"	
"217.32136"	"0.00001"	"217.321355"	"0.000007"	"123"	"8.3e+06"	"9.8e-03"	"-1.53"	D+	"888.132"	"46888.517"	"3d6.4s2"	"a 5D"	"1"	"3d7.(4P).4p"	"u 5D*"	"2"		"T2227"	"L11631"	
"217.68401"	"0.00001"	"217.684010"	"0.000007"	"174"	"1.0e+07"	"2.2e-02"	"-1.66"	C+	"978.074"	"46901.832"	"3d6.4s2"	"a 5D"	"0"	"3d6.(3P2).4s.4p.(3P*)"	"y 3P*"	"1"		"T2227"	"L11631"	
"219.12042"	"0.00001"	"219.120418"	"0.000007"	"162"	"7.3e+06"	"1.6e-02"	"-1.80"	C	"978.074"	"46600.818"	"3d6.4s2"	"a 5D"	"0"	"3d6.(3P2).4s.4p.(3P*)"	"z 3S*"	"1"		"T2227"	"L11631"	
"219.18389"	"0.00001"	"219.183908"	"0.000007"	"1550"	"1.2e+08"	"8.3e-02"	"-0.38"	C+	"704.007"	"46313.537"	"3d6.4s2"	"a 5D"	"2"	"3d7.(4P).4p"	"w 5P*"	"2"		"T2227"	"L11631"	
"219.60418"	"0.00001"	"219.604199"	"0.000011"	"910"	"1.2e+08"	"8.6e-02"	"-0.59"	C+	"888.132"	"46410.381"	"3d6.4s2"	"a 5D"	"1"	"3d7.(4P).4p"	"w 5P*"	"1"		"T2227"	"L11631"	
"220.03898"	"0.00001"	"220.038993"	"0.000011"	"331"	"8.9e+07"	"1.9e-01"	"-0.71"	C	"978.074"	"46410.381"	"3d6.4s2"	"a 5D"	"0"	"3d7.(4P).4p"	"w 5P*"	"1"		"T2227"	"L11631"	
"220.07241"	"0.00001"	"220.072429"	"0.000007"	"363"	"2.8e+07"	"3.4e-02"	"-0.99"	C	"888.132"	"46313.537"	"3d6.4s2"	"a 5D"	"1"	"3d7.(4P).4p"	"w 5P*"	"2"		"T2227"	"L11631"	
"222.81715"	"0.00001"	"222.817144"	"0.000008"	"102"	"2.1e+06"	"1.1e-03"	"-2.11"	D+	"415.933"	"45281.833"	"3d6.4s2"	"a 5D"	"3"	"3d6.(3P2).4s.4p.(3P*)"	"x 3D*"	"2"		"T2227"	"L11631"	
"225.07902"	"0.00002"	"225.079023"	"0.000006"	"468"	"1.23e+06"	"9.35e-04"	"-2.075"	C+	"0.000"	"44415.074"	"3d6.4s2"	"a 5D"	"4"	"3d6.(3F2).4s.4p.(3P*)"	"w 5F*"	"4"		"T5720"	"L11631"	
"225.92825"	"0.00004"	"225.928244"	"0.000008"	"56"	"1.3e+06"	"7.0e-04"	"-2.31"	C	"415.933"	"44664.075"	"3d6.4s2"	"a 5D"	"3"	"3d6.(3F2).4s.4p.(3P*)"	"v 5D*"	"2"		"T2227"	"L11631"	
"225.95101"	"0.00002"	"225.951006"	"0.000011"	"2090"	"5.66e+06"	"5.29e-03"	"-1.322"	B+	"0.000"	"44243.685"	"3d6.4s2"	"a 5D"	"4"	"3d6.(3F2).4s.4p.(3P*)"	"w 5F*"	"5"		"T5720"	"L11631"	
"226.50541"	"0.00002"	"226.505412"	"0.000012"	"650"	"1.43e+06"	"1.10e-03"	"-2.114"	C	"415.933"	"44551.335"	"3d6.4s2"	"a 5D"	"3"	"3d6.(3F2).4s.4p.(3P*)"	"w 5F*"	"3"		"T5720"	"L11631"	
"226.70845"	"0.00002"	"226.708447"	"0.000008"	"1070"	"4.57e+06"	"2.52e-03"	"-1.754"	B	"415.933"	"44511.812"	"3d6.4s2"	"a 5D"	"3"	"3d7.(4P).4p"	"y 5S*"	"2"		"T5720"	"L11631"	
"227.20694"	"0.00018"	"227.206942"	"0.000008"	"1950bl"	"2.92e+06"	"2.90e-03"	"-1.692"	B+	"415.933"	"44415.074"	"3d6.4s2"	"a 5D"	"3"	"3d6.(3F2).4s.4p.(3P*)"	"w 5F*"	"4"		"T5720"	"L11631"	
"227.51914"	"0.00002"	"227.519159"	"0.000012"	"219"	"6.19e+06"	"1.60e-03"	"-2.318"	D+	"888.132"	"44826.900"	"3d6.4s2"	"a 5D"	"1"	"3d6.(3F2).4s.4p.(3P*)"	"v 5D*"	"0"		"T5720"	"L11631"	
"227.60257"	"0.00002"	"227.602564"	"0.000006"	"2450"	"1.25e+07"	"7.55e-03"	"-1.168"	D+	"0.000"	"43922.668"	"3d6.4s2"	"a 5D"	"4"	"3d6.(3P2).4s.4p.(3P*)"	"w 5D*"	"3"		"T5720"	"L11631"	
"227.99370"	"0.00002"	"227.993675"	"0.000012"	"363"	"1.88e+06"	"2.05e-03"	"-1.989"	B+	"704.007"	"44551.335"	"3d6.4s2"	"a 5D"	"2"	"3d6.(3F2).4s.4p.(3P*)"	"w 5F*"	"3"		"T5720"	"L11631"	
"228.33040"	"0.00002"	"228.330395"	"0.000008"	"269"	"2.59e+06"	"6.07e-03"	"-2.217"	B+	"978.074"	"44760.746"	"3d6.4s2"	"a 5D"	"0"	"3d6.(3F2).4s.4p.(3P*)"	"v 5D*"	"1"		"T5720"	"L11631"	
"228.36551"	"0.00002"	"228.365496"	"0.000008"	"457"	"1.53e+06"	"1.99e-03"	"-2.223"	C	"888.132"	"44664.075"	"3d6.4s2"	"a 5D"	"1"	"3d6.(3F2).4s.4p.(3P*)"	"v 5D*"	"2"		"T5720"	"L11631"	
"228.40855"	"0.00002"	"228.408535"	"0.000008"	"2240"	"1.29e+07"	"7.21e-03"	"-1.297"	C	"415.933"	"44183.628"	"3d6.4s2"	"a 5D"	"3"	"3d6.(3P2).4s.4p.(3P*)"	"w 5D*"	"2"		"T5720"	"L11631"	
"228.72495"	"0.00002"	"228.724949"	"0.000008"	"2450"	"2.23e+07"	"1.05e-02"	"-1.280"	B+	"704.007"	"44411.160"	"3d6.4s2"	"a 5D"	"2"	"3d6.(3P2).4s.4p.(3P*)"	"w 5D*"	"1"		"T5720"	"L11631"	
"229.25246"	"0.00002"	"229.252458"	"0.000008"	"2400"	"2.96e+06"	"3.01e-03"	"-1.677"	B	"415.933"	"44022.525"	"3d6.4s2"	"a 5D"	"3"	"3d6.(3F2).4s.4p.(3P*)"	"v 5D*"	"4"		"T5720"	"L11631"	
"229.38480"	"0.00002"	"229.384741"	"0.000012"	"427"	"1.09e+06"	"8.59e-04"	"-2.367"	C+	"704.007"	"44285.454"	"3d6.4s2"	"a 5D"	"2"	"3d6.(3F2).4s.4p.(3P*)"	"w 5F*"	"2"		"T5720"	"L11631"	
"229.44079"	"0.00002"	"229.440788"	"0.000008"	"1380"	"3.61e+07"	"9.50e-03"	"-1.545"	B	"888.132"	"44458.934"	"3d6.4s2"	"a 5D"	"1"	"3d6.(3P2).4s.4p.(3P*)"	"w 5D*"	"0"		"T5720"	"L11631"	
"229.69267"	"0.00002"	"229.692661"	"0.000008"	"389"	"4.04e+06"	"3.20e-03"	"-2.018"	D+	"888.132"	"44411.160"	"3d6.4s2"	"a 5D"	"1"	"3d6.(3P2).4s.4p.(3P*)"	"w 5D*"	"1"		"T5720"	"L11631"	
"229.77870"	"0.00002"	"229.778687"	"0.000008"	"3390"	"1.44e+07"	"1.14e-02"	"-1.098"	D+	"415.933"	"43922.668"	"3d6.4s2"	"a 5D"	"3"	"3d6.(3P2).4s.4p.(3P*)"	"w 5D*"	"3"		"T5720"	"L11631"	
"229.81688"	"0.00002"	"229.816882"	"0.000006"	"7900"	"3.09e+07"	"2.45e-02"	"-0.657"	D+	"0.000"	"43499.505"	"3d6.4s2"	"a 5D"	"4"	"3d6.(3P2).4s.4p.(3P*)"	"w 5D*"	"4"		"T5720"	"L11631"	
"229.86602"	"0.00002"	"229.866004"	"0.000012"	"257"	"1.59e+06"	"1.26e-03"	"-2.423"	C	"888.132"	"44378.342"	"3d6.4s2"	"a 5D"	"1"	"3d6.(3F2).4s.4p.(3P*)"	"w 5F*"	"1"		"T5720"	"L11631"	
"229.92200"	"0.00002"	"229.921991"	"0.000008"	"1260"	"7.03e+06"	"5.57e-03"	"-1.555"	C	"704.007"	"44183.628"	"3d6.4s2"	"a 5D"	"2"	"3d6.(3P2).4s.4p.(3P*)"	"w 5D*"	"2"		"T5720"	"L11631"	
"230.01417"	"0.00002"	"230.014164"	"0.000008"	"3390"	"4.99e+06"	"5.55e-03"	"-1.557"	B	"704.007"	"44166.206"	"3d6.4s2"	"a 5D"	"2"	"3d6.(3F2).4s.4p.(3P*)"	"v 5D*"	"3"		"T5720"	"L11631"	
"230.16837"	"0.00002"	"230.168355"	"0.000008"	"780"	"8.68e+06"	"2.07e-02"	"-1.684"	B+	"978.074"	"44411.160"	"3d6.4s2"	"a 5D"	"0"	"3d6.(3P2).4s.4p.(3P*)"	"w 5D*"	"1"		"T5720"	"L11631"	
"230.34242"	"0.00002"	"230.342417"	"0.000012"	"1350"	"7.33e+06"	"1.75e-02"	"-1.757"	C+	"978.074"	"44378.342"	"3d6.4s2"	"a 5D"	"0"	"3d6.(3F2).4s.4p.(3P*)"	"w 5F*"	"1"		"T5720"	"L11631"	
"230.35805"	"0.00002"	"230.358055"	"0.000012"	"2190"	"4.83e+06"	"6.41e-03"	"-1.716"	C+	"888.132"	"44285.454"	"3d6.4s2"	"a 5D"	"1"	"3d6.(3F2).4s.4p.(3P*)"	"w 5F*"	"2"		"T5720"	"L11631"	
"230.89988"	"0.00002"	"230.899878"	"0.000008"	"1950"	"1.02e+07"	"1.36e-02"	"-1.390"	C	"888.132"	"44183.628"	"3d6.4s2"	"a 5D"	"1"	"3d6.(3P2).4s.4p.(3P*)"	"w 5D*"	"2"		"T5720"	"L11631"	
"231.31039"	"0.00002"	"231.310413"	"0.000008"	"2340"	"1.18e+07"	"1.32e-02"	"-1.179"	D+	"704.007"	"43922.668"	"3d6.4s2"	"a 5D"	"2"	"3d6.(3P2).4s.4p.(3P*)"	"w 5D*"	"3"		"T5720"	"L11631"	
"232.03576"	"0.00002"	"232.035752"	"0.000008"	"3090"	"1.41e+07"	"1.46e-02"	"-0.990"	C	"415.933"	"43499.505"	"3d6.4s2"	"a 5D"	"3"	"3d6.(3P2).4s.4p.(3P*)"	"w 5D*"	"4"		"T5720"	"L11631"	
"235.0413"	"0.0003"	"235.041045"	"0.000006"	"6"	"1.61e+05"	"1.04e-04"	"-3.030"	D	"0.000"	"42532.741"	"3d6.4s2"	"a 5D"	"4"	"3d6.(3P2).4s.4p.(3P*)"	"x 5P*"	"3"		"T5720"	"L11631c80"	
"235.59090"	"0.00002"	"235.590902"	"0.000008"	"479"	"5.17e+05"	"6.03e-04"	"-2.521"	C	"704.007"	"43137.487"	"3d6.4s2"	"a 5D"	"2"	"3d6.(3H).4s.4p.(3P*)"	"y 5G*"	"3"		"T5720"	"L11631"	
"236.94561"	"0.00002"	"236.945612"	"0.000013"	"1050"	"2.53e+06"	"2.13e-03"	"-2.195"	B	"888.132"	"43079.023"	"3d6.4s2"	"a 5D"	"1"	"3d6.(3P2).4s.4p.(3P*)"	"x 5P*"	"1"		"T5720"	"L11631"	
"237.14303"	"0.00002"	"237.143028"	"0.000013"	"1550"	"2.67e+06"	"2.25e-03"	"-1.949"	C+	"704.007"	"42859.778"	"3d6.4s2"	"a 5D"	"2"	"3d6.(3P2).4s.4p.(3P*)"	"x 5P*"	"2"		"T5720"	"L11631"	
"237.36244"	"0.00002"	"237.362430"	"0.000008"	"5000"	"6.53e+06"	"5.52e-03"	"-1.413"	B	"415.933"	"42532.741"	"3d6.4s2"	"a 5D"	"3"	"3d6.(3P2).4s.4p.(3P*)"	"x 5P*"	"3"		"T5720"	"L11631"	
"237.45184"	"0.00002"	"237.451850"	"0.000013"	"1320"	"3.14e+06"	"7.98e-03"	"-2.098"	B	"978.074"	"43079.023"	"3d6.4s2"	"a 5D"	"0"	"3d6.(3P2).4s.4p.(3P*)"	"x 5P*"	"1"		"T5720"	"L11631"	
"238.18361"	"0.00002"	"238.183431"	"0.000013"	"2690"	"4.34e+06"	"6.15e-03"	"-1.734"	C+	"888.132"	"42859.778"	"3d6.4s2"	"a 5D"	"1"	"3d6.(3P2).4s.4p.(3P*)"	"x 5P*"	"2"		"T5720"	"L11631"	
"238.99727"	"0.00002"	"238.997273"	"0.000008"	"2750"	"4.47e+06"	"5.36e-03"	"-1.572"	B	"704.007"	"42532.741"	"3d6.4s2"	"a 5D"	"2"	"3d6.(3P2).4s.4p.(3P*)"	"x 5P*"	"3"		"T5720"	"L11631"	
"242.03955"	"0.00005"	"242.039567"	"0.000009"	"112"	"1.05e+05"	"9.22e-05"	"-2.994"	C	"6928.268"	"48231.280"	"3d7.(4F).4s"	"a 5F"	"5"	"3d6.(3G).4s.4p.(3P*)"	"y 5H*"	"5"		"T5720"	"L11631"	
"243.81824"	"0.00002"	"243.818221"	"0.000009"	"710"	"7.09e+06"	"5.17e-03"	"-1.245"	B	"6928.268"	"47929.997"	"3d7.(4F).4s"	"a 5F"	"5"	"3d6.(3G).4s.4p.(3P*)"	"v 5F*"	"4"		"T5720"	"L11631"	
"243.97448"	"0.00002"	"243.974488"	"0.000025"	"1740"	"3.46e+08"	"3.09e-01"	"0.604"	C+	"19390.168"	"60365.637"	"3d6.4s2"	"a 3H"	"6"	"3d6.(3H).4s.4p.(1P*)"	"t 3H*"	"6"		"T5720"	"L11631"	
"244.25683"	"0.00002"	"244.256819"	"0.000025"	"437"	"3.12e+08"	"2.79e-01"	"0.487"	B	"19621.006"	"60549.116"	"3d6.4s2"	"a 3H"	"5"	"3d6.(3H).4s.4p.(1P*)"	"t 3H*"	"5"		"T5720"	"L11631"	
"244.38716"	"0.00002"	"244.387166"	"0.000009"	"1580"	"5.89e+06"	"5.28e-03"	"-1.236"	B+	"6928.268"	"47834.550"	"3d7.(4F).4s"	"a 5F"	"5"	"3d6.(3F2).4s.4p.(3P*)"	"x 3G*"	"5"		"T5720"	"L11631"	
"244.52128"	"0.00002"	"244.521265"	"0.000009"	"355"	"1.18e+06"	"8.66e-04"	"-2.021"	C+	"6928.268"	"47812.118"	"3d7.(4F).4s"	"a 5F"	"5"	"3d6.(3F2).4s.4p.(3P*)"	"x 3G*"	"4"		"T5720"	"L11631"	
"244.77093"	"0.00002"	"244.770917"	"0.000006"	"1120"	"3.30e+06"	"2.31e-03"	"-1.683"	D+	"0.000"	"40842.154"	"3d6.4s2"	"a 5D"	"4"	"3d6.(5D).4s.4p.(1P*)"	"x 5F*"	"3"		"T5720"	"L11631"	
"245.34758"	"0.00002"	"245.347592"	"0.000009"	"780"	"1.89e+07"	"1.33e-02"	"-0.923"	B	"7376.764"	"48122.928"	"3d7.(4F).4s"	"a 5F"	"4"	"3d6.(3G).4s.4p.(3P*)"	"v 5F*"	"3"		"T5720"	"L11631"	
"245.35688"	"0.00005"	"245.356823"	"0.000025"	"42"	"1.23e+07"	"1.31e-02"	"-0.841"	C	"19621.006"	"60365.637"	"3d6.4s2"	"a 3H"	"5"	"3d6.(3H).4s.4p.(1P*)"	"t 3H*"	"6"		"T5720"	"L11631"	
"245.75966"	"0.00002"	"245.759680"	"0.000009"	"11000"	"4.81e+07"	"4.36e-02"	"-0.319"	B	"6928.268"	"47606.114"	"3d7.(4F).4s"	"a 5F"	"5"	"3d6.(3G).4s.4p.(3P*)"	"v 5F*"	"5"		"T5720"	"L11631"	
"245.85686"	"0.00002"	"245.856790"	"0.000009"	"288"	"1.07e+06"	"7.94e-04"	"-2.059"	C	"6928.268"	"47590.048"	"3d7.(4F).4s"	"a 5F"	"5"	"3d6.(3G).4s.4p.(3P*)"	"w 5G*"	"4"		"T5720"	"L11631"	
"246.21808"	"0.00002"	"246.218086"	"0.000009"	"1580"	"1.10e+07"	"7.14e-03"	"-1.301"	C+	"415.933"	"41018.051"	"3d6.4s2"	"a 5D"	"3"	"3d6.(5D).4s.4p.(1P*)"	"x 5F*"	"2"		"T5720"	"L11631"	
"246.26471"	"0.00002"	"246.264707"	"0.000006"	"9300"	"5.85e+07"	"5.32e-02"	"-0.320"	C+	"0.000"	"40594.432"	"3d6.4s2"	"a 5D"	"4"	"3d6.(5D).4s.4p.(1P*)"	"x 5F*"	"4"		"T5720"	"L11631"	
"246.37303"	"0.00002"	"246.373043"	"0.000009"	"1290"	"1.64e+07"	"1.07e-02"	"-1.127"	B	"7728.060"	"48304.643"	"3d7.(4F).4s"	"a 5F"	"3"	"3d7.(4P).4p"	"x 3P*"	"2"		"T5720"	"L11631"	
"246.51491"	"0.00002"	"246.514911"	"0.000009"	"6900"	"4.35e+07"	"3.97e-02"	"-0.447"	B	"7376.764"	"47929.997"	"3d7.(4F).4s"	"a 5F"	"4"	"3d6.(3G).4s.4p.(3P*)"	"v 5F*"	"4"		"T5720"	"L11631"	
"246.88797"	"0.00002"	"246.887968"	"0.000009"	"7100"	"2.40e+07"	"2.19e-02"	"-0.618"	B+	"6928.268"	"47420.228"	"3d7.(4F).4s"	"a 5F"	"5"	"3d6.(3G).4s.4p.(3P*)"	"w 5G*"	"5"		"T5720"	"L11631"	
"247.09653"	"0.00002"	"247.096525"	"0.000009"	"910"	"2.36e+06"	"2.64e-03"	"-1.624"	B+	"7376.764"	"47834.550"	"3d7.(4F).4s"	"a 5F"	"4"	"3d6.(3F2).4s.4p.(3P*)"	"x 3G*"	"5"		"T5720"	"L11631"	
"247.2341"	"0.0006"	"247.233614"	"0.000009"	"6000bl*"	"1.07e+07"	"9.81e-03"	"-1.054"	B+	"7376.764"	"47812.118"	"3d7.(4F).4s"	"a 5F"	"4"	"3d6.(3F2).4s.4p.(3P*)"	"x 3G*"	"4"		"T5720"	"L11631"	
"247.2341"	"0.0006"	"247.235118"	"0.000014"	"6000bl*"	"7.21e+06"	"7.81e-03"	"-1.066"	B	"6928.268"	"47363.376"	"3d7.(4F).4s"	"a 5F"	"5"	"3d6.(3G).4s.4p.(3P*)"	"w 5G*"	"6"		"T5720"	"L11631"	
"247.28711"	"0.00002"	"247.287203"	"0.000009"	"1510"	"2.10e+07"	"1.16e-02"	"-1.238"	C	"704.007"	"41130.599"	"3d6.4s2"	"a 5D"	"2"	"3d6.(5D).4s.4p.(1P*)"	"x 5F*"	"1"		"T5720"	"L11631"	
"247.28947"	"0.00002"	"247.289473"	"0.000009"	"3980"	"1.30e+08"	"1.19e-01"	"-0.079"	B	"415.933"	"40842.154"	"3d6.4s2"	"a 5D"	"3"	"3d6.(5D).4s.4p.(1P*)"	"x 5F*"	"3"		"T5720"	"L11631"	
"247.31566"	"0.00002"	"247.315677"	"0.000007"	"4470"	"2.75e+06"	"2.52e-03"	"-1.644"	B+	"0.000"	"40421.938"	"3d6.4s2"	"a 5D"	"4"	"3d5.(6S).4s2.4p"	"y 7P*"	"4"		"T5720"	"L11631"	
"247.48142"	"0.00002"	"247.481423"	"0.000009"	"2570"	"6.13e+07"	"5.64e-02"	"-0.404"	B	"7728.060"	"48122.928"	"3d7.(4F).4s"	"a 5F"	"3"	"3d6.(3G).4s.4p.(3P*)"	"v 5F*"	"3"		"T5720"	"L11631"	
"247.66565"	"0.00002"	"247.665658"	"0.000009"	"1020"	"3.05e+07"	"1.68e-02"	"-1.075"	B	"7985.785"	"48350.606"	"3d7.(4F).4s"	"a 5F"	"2"	"3d6.(3G).4s.4p.(3P*)"	"v 5F*"	"1"		"T5720"	"L11631"	
"247.68654"	"0.00005"	"247.686504"	"0.000009"	"129"	"2.93e+06"	"2.70e-03"	"-2.092"	C+	"8154.714"	"48516.138"	"3d7.(4F).4s"	"a 5F"	"1"	"3d7.(4P).4p"	"x 3P*"	"1"		"T5720"	"L11631"	
"247.94802"	"0.00019"	"247.948014"	"0.000009"	"650bl*"	"2.10e+07"	"1.94e-02"	"-1.014"	B	"7985.785"	"48304.643"	"3d7.(4F).4s"	"a 5F"	"2"	"3d7.(4P).4p"	"x 3P*"	"2"		"T5720"	"L11631"	
"247.96278"	"0.00005"	"247.962670"	"0.000009"	"129"	"7.06e+05"	"5.07e-04"	"-2.341"	C	"7376.764"	"47693.239"	"3d7.(4F).4s"	"a 5F"	"4"	"3d6.(3G).4s.4p.(3P*)"	"w 5G*"	"3"		"T5720"	"L11631"	
"247.97762"	"0.00002"	"247.977624"	"0.000009"	"7600"	"1.74e+08"	"1.60e-01"	"-0.096"	B	"704.007"	"41018.051"	"3d6.4s2"	"a 5D"	"2"	"3d6.(5D).4s.4p.(1P*)"	"x 5F*"	"2"		"T5720"	"L11631"	
"248.32707"	"0.00005"	"248.327095"	"0.000007"	"38000"	"4.80e+08"	"5.43e-01"	"0.689"	B	"0.000"	"40257.314"	"3d6.4s2"	"a 5D"	"4"	"3d6.(5D).4s.4p.(1P*)"	"x 5F*"	"5"		"T5720"	"L11631"	
"248.35332"	"0.00002"	"248.353328"	"0.000009"	"1740"	"2.09e+07"	"1.93e-02"	"-1.015"	C	"7985.785"	"48238.847"	"3d7.(4F).4s"	"a 5F"	"2"	"3d6.(3G).4s.4p.(3P*)"	"v 5F*"	"2"		"T5720"	"L11631"	
"248.41875"	"0.00002"	"248.418719"	"0.000009"	"10000"	"2.26e+08"	"2.09e-01"	"-0.203"	C+	"888.132"	"41130.599"	"3d6.4s2"	"a 5D"	"1"	"3d6.(5D).4s.4p.(1P*)"	"x 5F*"	"1"		"T5720"	"L11631"	
"248.59901"	"0.00002"	"248.599010"	"0.000009"	"790"	"2.94e+06"	"2.72e-03"	"-1.611"	B	"7376.764"	"47590.048"	"3d7.(4F).4s"	"a 5F"	"4"	"3d6.(3G).4s.4p.(3P*)"	"w 5G*"	"4"		"T5720"	"L11631"	
"248.63725"	"0.00005"	"248.637304"	"0.000007"	"5800"	"3.08e+06"	"2.22e-03"	"-1.699"	B+	"0.000"	"40207.091"	"3d6.4s2"	"a 5D"	"4"	"3d5.(6S).4s2.4p"	"y 7P*"	"3"		"T5720"	"L11631"	
"248.66917"	"0.00002"	"248.669182"	"0.000009"	"2040"	"1.47e+07"	"1.75e-02"	"-0.911"	B	"7728.060"	"47929.997"	"3d7.(4F).4s"	"a 5F"	"3"	"3d6.(3G).4s.4p.(3P*)"	"v 5F*"	"4"		"T5720"	"L11631"	
"248.70658"	"0.00002"	"248.706582"	"0.000009"	"1860"	"6.40e+07"	"5.94e-02"	"-0.749"	C+	"8154.714"	"48350.606"	"3d7.(4F).4s"	"a 5F"	"1"	"3d6.(3G).4s.4p.(3P*)"	"v 5F*"	"1"		"T5720"	"L11631"	
"248.73697"	"0.00002"	"248.736961"	"0.000009"	"870"	"2.74e+06"	"2.54e-03"	"-1.896"	C+	"704.007"	"40894.990"	"3d6.4s2"	"a 5D"	"2"	"3d6.(3P2).4s.4p.(3P*)"	"z 5S*"	"2"		"T5720"	"L11631"	
"248.81423"	"0.00005"	"248.814253"	"0.000009"	"7200"	"4.20e+08"	"5.01e-01"	"0.545"	B	"415.933"	"40594.432"	"3d6.4s2"	"a 5D"	"3"	"3d6.(5D).4s.4p.(1P*)"	"x 5F*"	"4"		"T5720"	"L11631"	
"248.97523"	"0.00002"	"248.975218"	"0.000009"	"3800"	"2.31e+08"	"6.44e-01"	"-0.191"	C+	"978.074"	"41130.599"	"3d6.4s2"	"a 5D"	"0"	"3d6.(5D).4s.4p.(1P*)"	"x 5F*"	"1"		"T5720"	"L11631"	
"248.99131"	"0.00002"	"248.991317"	"0.000009"	"690"	"8.72e+06"	"1.35e-02"	"-1.392"	B	"8154.714"	"48304.643"	"3d7.(4F).4s"	"a 5F"	"1"	"3d7.(4P).4p"	"x 3P*"	"2"		"T5720"	"L11631"	
"249.06442"	"0.00002"	"249.064410"	"0.000009"	"18200"	"3.44e+08"	"4.49e-01"	"0.351"	B	"704.007"	"40842.154"	"3d6.4s2"	"a 5D"	"2"	"3d6.(5D).4s.4p.(1P*)"	"x 5F*"	"3"		"T5720"	"L11631"	
"249.11548"	"0.00002"	"249.115480"	"0.000009"	"13200"	"2.91e+08"	"4.52e-01"	"0.132"	B	"888.132"	"41018.051"	"3d6.4s2"	"a 5D"	"1"	"3d6.(5D).4s.4p.(1P*)"	"x 5F*"	"2"		"T5720"	"L11631"	
""	""	"249.198902"	"0.000020"	""	"3.25e+07"	"3.03e-02"	"-0.565"	D+	"20641.110"	"60757.596"	"3d6.4s2"	"b 3F2"	"4"	"3d6.(3H).4s.4p.(1P*)"	"t 3H*"	"4"		"T5720"	""	
"249.26305"	"0.00005"	"249.263061"	"0.000014"	"200"	"5.35e+05"	"4.99e-04"	"-2.457"	D+	"7728.060"	"47834.221"	"3d7.(4F).4s"	"a 5F"	"3"	"3d6.(3F2).4s.4p.(3P*)"	"x 3G*"	"3"		"T5720"	"L11631"	
"249.40008"	"0.00019"	"249.400052"	"0.000009"	"500bl*"	"8.89e+06"	"1.38e-02"	"-1.382"	C	"8154.714"	"48238.847"	"3d7.(4F).4s"	"a 5F"	"1"	"3d6.(3G).4s.4p.(3P*)"	"v 5F*"	"2"		"T5720"	"L11631"	
"249.42513"	"0.00002"	"249.425130"	"0.000009"	"540"	"1.10e+06"	"1.03e-03"	"-1.947"	B	"6928.268"	"47008.371"	"3d7.(4F).4s"	"a 5F"	"5"	"3d6.(3H).4s.4p.(3P*)"	"z 3H*"	"5"		"T5720"	"L11631"	
"249.5872"	"0.0003"	"249.587367"	"0.000014"	"13"	"1.43e+06"	"1.58e-03"	"-1.760"	C	"6928.268"	"46982.320"	"3d7.(4F).4s"	"a 5F"	"5"	"3d6.(3H).4s.4p.(3P*)"	"z 3H*"	"6"		"T5720"	"L11631c80"	
"249.65337"	"0.00002"	"249.653365"	"0.000009"	"6000"	"2.15e+07"	"2.45e-02"	"-0.656"	B	"7376.764"	"47420.228"	"3d7.(4F).4s"	"a 5F"	"4"	"3d6.(3G).4s.4p.(3P*)"	"w 5G*"	"5"		"T5720"	"L11631"	
"249.88182"	"0.00009"	"249.881812"	"0.000009"	"71"	"1.22e+05"	"1.90e-04"	"-3.243"	C+	"888.132"	"40894.990"	"3d6.4s2"	"a 5D"	"1"	"3d6.(3P2).4s.4p.(3P*)"	"z 5S*"	"2"		"T5720"	"L11631"	
"249.88737"	"0.00019"	"249.887140"	"0.000009"	"204bl"	"5.90e+04"	"7.11e-05"	"-3.303"	B	"415.933"	"40421.938"	"3d6.4s2"	"a 5D"	"3"	"3d5.(6S).4s2.4p"	"y 7P*"	"4"		"T5720"	"L11631"	
"250.11318"	"0.00002"	"250.113174"	"0.000007"	"5800"	"6.75e+07"	"4.93e-02"	"-0.353"	C+	"0.000"	"39969.853"	"3d6.4s2"	"a 5D"	"4"	"3d6.(5D).4s.4p.(1P*)"	"x 5D*"	"3"		"T5720"	"L11631"	
"250.14235"	"0.00015"	"250.142428"	"0.000009"	"19"	"1.56e+05"	"1.46e-04"	"-2.990"	C	"7728.060"	"47693.239"	"3d7.(4F).4s"	"a 5F"	"3"	"3d6.(3G).4s.4p.(3P*)"	"w 5G*"	"3"		"T5720"	"L11631"	
"250.16939"	"0.00019"	"250.169377"	"0.000009"	"810bl"	"3.69e+06"	"2.84e-03"	"-1.506"	C+	"6928.268"	"46889.142"	"3d7.(4F).4s"	"a 5F"	"5"	"3d6.(3F2).4s.4p.(3P*)"	"x 3F*"	"4"		"T5720"	"L11631"	
"250.50077"	"0.00005"	"250.50081"	"0.00003"	"34"	"2.56e+07"	"2.94e-02"	"-0.577"	C+	"20641.110"	"60549.116"	"3d6.4s2"	"b 3F2"	"4"	"3d6.(3H).4s.4p.(1P*)"	"t 3H*"	"5"		"T5720"	"L11631"	
"250.65722"	"0.00005"	"250.657165"	"0.000020"	"120"	"2.04e+07"	"2.47e-02"	"-0.762"	C+	"20874.482"	"60757.596"	"3d6.4s2"	"b 3F2"	"3"	"3d6.(3H).4s.4p.(1P*)"	"t 3H*"	"4"		"T5720"	"L11631"	
"250.79001"	"0.00002"	"250.790017"	"0.000009"	"4900"	"1.93e+07"	"2.34e-02"	"-0.786"	B+	"7728.060"	"47590.048"	"3d7.(4F).4s"	"a 5F"	"3"	"3d6.(3G).4s.4p.(3P*)"	"w 5G*"	"4"		"T5720"	"L11631"	
"250.87531"	"0.00002"	"250.875314"	"0.000014"	"630"	"1.71e+06"	"2.26e-03"	"-1.947"	C+	"7985.785"	"47834.221"	"3d7.(4F).4s"	"a 5F"	"2"	"3d6.(3F2).4s.4p.(3P*)"	"x 3G*"	"3"		"T5720"	"L11631"	
"251.08348"	"0.00002"	"251.083468"	"0.000009"	"6000"	"1.29e+08"	"8.71e-02"	"-0.215"	B	"415.933"	"40231.336"	"3d6.4s2"	"a 5D"	"3"	"3d6.(5D).4s.4p.(1P*)"	"x 5D*"	"2"		"T5720"	"L11631"	
"251.22753"	"0.00002"	"251.227524"	"0.000009"	"540"	"2.19e+06"	"1.70e-03"	"-1.729"	C+	"6928.268"	"46720.842"	"3d7.(4F).4s"	"a 5F"	"5"	"3d7.(4P).4p"	"u 5D*"	"4"		"T5720"	"L11631"	
"251.23647"	"0.00002"	"251.236465"	"0.000009"	"3090"	"2.00e+06"	"1.89e-03"	"-1.878"	B+	"415.933"	"40207.091"	"3d6.4s2"	"a 5D"	"3"	"3d5.(6S).4s2.4p"	"y 7P*"	"3"		"T5720"	"L11631"	
"251.58536"	"0.00009"	"251.585322"	"0.000014"	"42"	"1.22e+06"	"8.28e-04"	"-2.237"	C	"12560.934"	"52296.920"	"3d7.(4F).4s"	"a 3F"	"3"	"3d7.(2P).4p"	"u 3D*"	"2"		"T5720"	"L11631"	
"251.62504"	"0.00020"	"251.625003"	"0.000009"	"115bl"	"3.73e+05"	"3.54e-04"	"-2.497"	C	"7376.764"	"47106.484"	"3d7.(4F).4s"	"a 5F"	"4"	"3d6.(3H).4s.4p.(3P*)"	"z 3H*"	"4"		"T5720"	"L11631"	
"251.65707"	"0.00002"	"251.657076"	"0.000009"	"650"	"1.71e+06"	"2.09e-03"	"-1.835"	C	"7728.060"	"47452.717"	"3d7.(4F).4s"	"a 5F"	"3"	"3d7.(2G).4p"	"z 1G*"	"4"		"T5720"	"L11631"	
"251.76609"	"0.00002"	"251.766112"	"0.000009"	"1550"	"1.58e+07"	"2.10e-02"	"-0.978"	B	"7985.785"	"47693.239"	"3d7.(4F).4s"	"a 5F"	"2"	"3d6.(3G).4s.4p.(3P*)"	"w 5G*"	"3"		"T5720"	"L11631"	
"251.81015"	"0.00002"	"251.810145"	"0.000009"	"5100"	"1.93e+08"	"1.10e-01"	"-0.259"	B	"704.007"	"40404.518"	"3d6.4s2"	"a 5D"	"2"	"3d6.(5D).4s.4p.(1P*)"	"x 5D*"	"1"		"T5720"	"L11631"	
"251.96292"	"0.00002"	"251.962930"	"0.000009"	"1700"	"1.34e+07"	"2.13e-02"	"-1.195"	C+	"8154.714"	"47831.153"	"3d7.(4F).4s"	"a 5F"	"1"	"3d6.(3G).4s.4p.(3P*)"	"w 5G*"	"2"		"T5720"	"L11631"	
"252.19188"	"0.00002"	"252.191864"	"0.000009"	"380"	"2.42e+06"	"1.79e-03"	"-1.792"	C+	"7376.764"	"47017.188"	"3d7.(4F).4s"	"a 5F"	"4"	"3d7.(4P).4p"	"w 3D*"	"3"		"T5720"	"L11631"	
"252.24798"	"0.00002"	"252.247974"	"0.000009"	"590"	"1.14e+06"	"1.33e-03"	"-1.922"	C+	"7376.764"	"47008.371"	"3d7.(4F).4s"	"a 5F"	"4"	"3d6.(3H).4s.4p.(3P*)"	"z 3H*"	"5"		"T5720"	"L11631"	
"252.28493"	"0.00002"	"252.284917"	"0.000007"	"11700"	"2.13e+08"	"2.03e-01"	"0.262"	B	"0.000"	"39625.804"	"3d6.4s2"	"a 5D"	"4"	"3d6.(5D).4s.4p.(1P*)"	"x 5D*"	"4"		"T5720"	"L11631"	
"252.42923"	"0.00002"	"252.429228"	"0.000009"	"3160"	"3.23e+08"	"1.03e-01"	"-0.511"	B	"888.132"	"40491.284"	"3d6.4s2"	"a 5D"	"1"	"3d6.(5D).4s.4p.(1P*)"	"x 5D*"	"0"		"T5720"	"L11631"	
"252.72661"	"0.00005"	"252.726548"	"0.000020"	"158"	"3.46e+07"	"3.32e-02"	"-0.365"	D+	"19390.168"	"58946.732"	"3d6.4s2"	"a 3H"	"6"	"3d6.(3H).4s.4p.(1P*)"	"3I*"	"6"		"T5720"	"L11631"	
"252.74348"	"0.00002"	"252.743442"	"0.000009"	"6600"	"1.93e+08"	"1.85e-01"	"0.112"	B	"415.933"	"39969.853"	"3d6.4s2"	"a 5D"	"3"	"3d6.(5D).4s.4p.(1P*)"	"x 5D*"	"3"		"T5720"	"L11631"	
"252.91348"	"0.00002"	"252.913480"	"0.000009"	"4900"	"9.91e+07"	"9.51e-02"	"-0.323"	B	"704.007"	"40231.336"	"3d6.4s2"	"a 5D"	"2"	"3d6.(5D).4s.4p.(1P*)"	"x 5D*"	"2"		"T5720"	"L11631"	
"252.93075"	"0.00002"	"252.93077"	"0.00003"	"910"	"4.86e+08"	"6.53e-01"	"0.514"	B	"21038.987"	"60563.614"	"3d6.4s2"	"b 3F2"	"2"	"3d6.(3F2).4s.4p.(1P*)"	"r 3G*"	"3"		"T5720"	"L11631"	
"252.98352"	"0.00002"	"252.983523"	"0.000009"	"2190"	"3.83e+07"	"3.68e-02"	"-0.957"	B	"888.132"	"40404.518"	"3d6.4s2"	"a 5D"	"1"	"3d6.(5D).4s.4p.(1P*)"	"x 5D*"	"1"		"T5720"	"L11631"	
"253.06915"	"0.00002"	"253.068716"	"0.000009"	"1410"	"6.40e+05"	"8.61e-04"	"-2.366"	B	"704.007"	"40207.091"	"3d6.4s2"	"a 5D"	"2"	"3d5.(6S).4s2.4p"	"y 7P*"	"3"		"T5720"	"L11631"	
"253.28759"	"0.00002"	"253.287593"	"0.000009"	"60"	"1.43e+06"	"9.82e-04"	"-2.163"	B	"7728.060"	"47197.010"	"3d7.(4F).4s"	"a 5F"	"3"	"3d6.(3F2).4s.4p.(3P*)"	"x 3F*"	"2"		"T5720"	"L11631"	
"253.31414"	"0.00005"	"253.314095"	"0.000020"	"98"	"2.07e+07"	"1.99e-02"	"-0.659"	C+	"19621.006"	"59085.827"	"3d6.4s2"	"a 3H"	"5"	"3d6.(3H).4s.4p.(1P*)"	"3I*"	"5"		"T5720"	"L11631"	
"253.56068"	"0.00002"	"253.560682"	"0.000009"	"4170"	"9.59e+07"	"2.77e-01"	"-0.557"	B	"978.074"	"40404.518"	"3d6.4s2"	"a 5D"	"0"	"3d6.(5D).4s.4p.(1P*)"	"x 5D*"	"1"		"T5720"	"L11631"	
"253.71745"	"0.00002"	"253.717435"	"0.000015"	"2090"	"3.70e+08"	"4.12e-01"	"0.729"	B	"19390.168"	"58792.255"	"3d6.4s2"	"a 3H"	"6"	"3d6.(3H).4s.4p.(1P*)"	"3I*"	"7"		"T5720"	"L11631"	
"253.74587"	"0.00002"	"253.745876"	"0.000009"	"240"	"3.19e+06"	"3.76e-03"	"-1.470"	C+	"11976.239"	"51373.910"	"3d7.(4F).4s"	"a 3F"	"4"	"3d7.(2H).4p"	"u 3G*"	"5"		"T5720"	"L11631"	
"253.86992"	"0.00005"	"253.869907"	"0.000009"	"145"	"2.74e+05"	"3.40e-04"	"-2.623"	C+	"7728.060"	"47106.484"	"3d7.(4F).4s"	"a 5F"	"3"	"3d6.(3H).4s.4p.(3P*)"	"z 3H*"	"4"		"T5720"	"L11631"	
"253.93567"	"0.00002"	"253.935655"	"0.000009"	"209"	"2.41e+06"	"1.81e-03"	"-1.788"	C+	"7376.764"	"46744.993"	"3d7.(4F).4s"	"a 5F"	"4"	"3d7.(4P).4p"	"u 5D*"	"3"		"T5720"	"L11631"	
"254.06633"	"0.00002"	"254.066032"	"0.000009"	"2630"	"1.41e+06"	"1.36e-03"	"-2.166"	B+	"704.007"	"40052.035"	"3d6.4s2"	"a 5D"	"2"	"3d5.(6S).4s2.4p"	"y 7P*"	"2"		"T5720"	"L11631"	
"254.09720"	"0.00002"	"254.097186"	"0.000009"	"4680"	"9.59e+07"	"1.55e-01"	"-0.333"	C+	"888.132"	"40231.336"	"3d6.4s2"	"a 5D"	"1"	"3d6.(5D).4s.4p.(1P*)"	"x 5D*"	"2"		"T5720"	"L11631"	
"254.21011"	"0.00002"	"254.210125"	"0.000021"	"1820"	"4.47e+08"	"5.12e-01"	"0.751"	C+	"19621.006"	"58946.732"	"3d6.4s2"	"a 3H"	"5"	"3d6.(3H).4s.4p.(1P*)"	"3I*"	"6"		"T5720"	"L11631"	
"254.39224"	"0.00005"	"254.392235"	"0.000021"	"1480"	"4.70e+08"	"5.58e-01"	"0.701"	B	"19788.251"	"59085.827"	"3d6.4s2"	"a 3H"	"4"	"3d6.(3H).4s.4p.(1P*)"	"3I*"	"5"		"T5720"	"L11631"	
"254.46565"	"0.00002"	"254.465632"	"0.000009"	"186"	"2.86e+06"	"1.67e-03"	"-2.079"	C+	"7985.785"	"47272.027"	"3d7.(4F).4s"	"a 5F"	"2"	"3d7.(4P).4p"	"w 3D*"	"1"		"T5720"	"L11631"	
"254.59783"	"0.00002"	"254.597818"	"0.000009"	"5600"	"7.16e+07"	"9.75e-02"	"-0.312"	C+	"704.007"	"39969.853"	"3d6.4s2"	"a 5D"	"2"	"3d6.(5D).4s.4p.(1P*)"	"x 5D*"	"3"		"T5720"	"L11631"	
"254.95252"	"0.00005"	"254.952495"	"0.000009"	"93"	"6.62e+05"	"6.46e-04"	"-2.491"	C+	"7985.785"	"47197.010"	"3d7.(4F).4s"	"a 5F"	"2"	"3d6.(3F2).4s.4p.(3P*)"	"x 3F*"	"2"		"T5720"	"L11631"	
"254.96132"	"0.00002"	"254.961299"	"0.000009"	"11200"	"2.31e+07"	"2.90e-02"	"-0.693"	B	"415.933"	"39625.804"	"3d6.4s2"	"a 5D"	"3"	"3d6.(5D).4s.4p.(1P*)"	"x 5D*"	"4"		"T5720"	"L11631"	
"255.26057"	"0.00002"	"255.260576"	"0.000009"	"1050"	"6.19e+05"	"1.01e-03"	"-2.519"	B	"888.132"	"40052.035"	"3d6.4s2"	"a 5D"	"1"	"3d5.(6S).4s2.4p"	"y 7P*"	"2"		"T5720"	"L11631"	
"255.28305"	"0.00005"	"255.283039"	"0.000009"	"158"	"1.43e+06"	"9.97e-04"	"-2.156"	C+	"7728.060"	"46888.517"	"3d7.(4F).4s"	"a 5F"	"3"	"3d7.(4P).4p"	"u 5D*"	"2"		"T5720"	"L11631"	
"255.63036"	"0.00002"	"255.630372"	"0.000015"	"186"	"2.55e+06"	"3.21e-03"	"-1.648"	C+	"12560.934"	"51668.186"	"3d7.(4F).4s"	"a 3F"	"3"	"3d7.(2H).4p"	"u 3G*"	"4"		"T5720"	"L11631"	
"255.68627"	"0.00002"	"255.686269"	"0.000015"	"1020"	"7.51e+05"	"8.70e-04"	"-2.019"	C+	"6928.268"	"46026.971"	"3d7.(4F).4s"	"a 5F"	"5"	"3d6.(3H).4s.4p.(3P*)"	"z 3I*"	"6"		"T5720"	"L11631"	
"256.05571"	"0.00020"	"256.055700"	"0.000010"	"191bl"	"1.59e+06"	"2.61e-03"	"-2.107"	B	"8154.714"	"47197.010"	"3d7.(4F).4s"	"a 5F"	"1"	"3d6.(3F2).4s.4p.(3P*)"	"x 3F*"	"2"		"T5720"	"L11631"	
"256.18550"	"0.00005"	"256.185473"	"0.000010"	"105"	"1.67e+06"	"1.64e-03"	"-2.307"	C+	"8154.714"	"47177.234"	"3d7.(4F).4s"	"a 5F"	"1"	"3d7.(4P).4p"	"u 5D*"	"1"		"T5720"	"L11631"	
"256.33987"	"0.00002"	"256.339895"	"0.000010"	"138"	"1.12e+06"	"7.89e-04"	"-2.258"	C+	"7728.060"	"46727.074"	"3d7.(4F).4s"	"a 5F"	"3"	"3d6.(3P2).4s.4p.(3P*)"	"y 3P*"	"2"		"T5720"	"L11631"	
"256.45592"	"0.00005"	"256.455928"	"0.000010"	"178"	"1.43e+06"	"2.35e-03"	"-2.152"	C+	"8154.714"	"47136.084"	"3d7.(4F).4s"	"a 5F"	"1"	"3d7.(4P).4p"	"w 3D*"	"2"		"T5720"	"L11631"	
"256.88646"	"0.00005"	"256.886433"	"0.000010"	"138"	"2.04e+06"	"1.21e-03"	"-2.218"	C+	"7985.785"	"46901.832"	"3d7.(4F).4s"	"a 5F"	"2"	"3d6.(3P2).4s.4p.(3P*)"	"y 3P*"	"1"		"T5720"	"L11631"	
"256.95968"	"0.00002"	"256.959678"	"0.000015"	"269"	"1.01e+06"	"8.18e-04"	"-2.046"	B+	"6928.268"	"45833.223"	"3d7.(4F).4s"	"a 5F"	"5"	"3d6.(3F2).4s.4p.(3P*)"	"x 5G*"	"4"		"T5720"	"L11631"	
"256.97434"	"0.00005"	"256.974362"	"0.000010"	"120"	"1.17e+06"	"1.16e-03"	"-2.237"	C+	"7985.785"	"46888.517"	"3d7.(4F).4s"	"a 5F"	"2"	"3d7.(4P).4p"	"u 5D*"	"2"		"T5720"	"L11631"	
"257.27552"	"0.00005"	"257.275372"	"0.000010"	"129"	"2.49e+06"	"3.46e-03"	"-1.762"	C+	"12968.554"	"51825.773"	"3d7.(4F).4s"	"a 3F"	"2"	"3d7.(2H).4p"	"u 3G*"	"3"		"T5720"	"L11631"	
"257.66900"	"0.00002"	"257.669004"	"0.000010"	"2570"	"1.13e+07"	"1.12e-02"	"-0.908"	B+	"6928.268"	"45726.130"	"3d7.(4F).4s"	"a 5F"	"5"	"3d6.(3F2).4s.4p.(3P*)"	"x 5G*"	"5"		"T5720"	"L11631"	
"257.92700"	"0.00002"	"257.927001"	"0.000015"	"295"	"3.15e+05"	"3.84e-04"	"-2.461"	C+	"7376.764"	"46135.820"	"3d7.(4F).4s"	"a 5F"	"4"	"3d6.(3H).4s.4p.(3P*)"	"z 3I*"	"5"		"T5720"	"L11631"	
"258.45359"	"0.00002"	"258.453576"	"0.000015"	"9100"	"3.15e+07"	"3.73e-02"	"-0.387"	B+	"6928.268"	"45608.361"	"3d7.(4F).4s"	"a 5F"	"5"	"3d6.(3F2).4s.4p.(3P*)"	"x 5G*"	"6"		"T5720"	"L11631"	
"259.41508"	"0.00002"	"259.415106"	"0.000021"	"214"	"1.86e+06"	"1.46e-03"	"-1.882"	B+	"7376.764"	"45913.497"	"3d7.(4F).4s"	"a 5F"	"4"	"3d6.(3F2).4s.4p.(3P*)"	"x 5G*"	"3"		"T5720"	"L11631"	
"259.66159"	"0.00016"	"259.661726"	"0.000010"	"46"	"5.79e+04"	"4.79e-05"	"-3.278"	C+	"6928.268"	"45428.402"	"3d7.(4F).4s"	"a 5F"	"5"	"3d6.(3H).4s.4p.(3P*)"	"y 3G*"	"4"		"T5720"	"L11631"	
"259.95667"	"0.00002"	"259.956642"	"0.000015"	"2510"	"1.47e+07"	"1.49e-02"	"-0.873"	B+	"7376.764"	"45833.223"	"3d7.(4F).4s"	"a 5F"	"4"	"3d6.(3F2).4s.4p.(3P*)"	"x 5G*"	"4"		"T5720"	"L11631"	
"260.56571"	"0.00005"	"260.565678"	"0.000010"	"2450"	"1.45e+06"	"1.47e-03"	"-1.790"	B	"6928.268"	"45294.846"	"3d7.(4F).4s"	"a 5F"	"5"	"3d6.(3H).4s.4p.(3P*)"	"y 3G*"	"5"		"T5720"	"L11631"	
"260.68261"	"0.00002"	"260.682632"	"0.000010"	"5000"	"2.43e+07"	"3.03e-02"	"-0.565"	B+	"7376.764"	"45726.130"	"3d7.(4F).4s"	"a 5F"	"4"	"3d6.(3F2).4s.4p.(3P*)"	"x 5G*"	"5"		"T5720"	"L11631"	
"260.92208"	"0.00005"	"260.92201"	"0.00003"	"60"	"4.60e+07"	"4.70e-02"	"-0.483"	C+	"22249.429"	"60563.614"	"3d7.(2G).4s"	"a 3G"	"3"	"3d6.(3F2).4s.4p.(1P*)"	"r 3G*"	"3"		"T5720"	"L11631"	
"261.07507"	"0.00005"	"261.075038"	"0.000010"	"126"	"3.61e+05"	"2.21e-04"	"-2.956"	D	"704.007"	"38995.736"	"3d6.4s2"	"a 5D"	"2"	"3d7.(4F).4p"	"y 3D*"	"1"		"T5720"	"L11631"	
"261.27720"	"0.00002"	"261.277178"	"0.000010"	"282"	"5.07e+05"	"3.71e-04"	"-2.586"	C	"415.933"	"38678.039"	"3d6.4s2"	"a 5D"	"3"	"3d7.(4F).4p"	"y 3D*"	"2"		"T5720"	"L11631"	
"261.44945"	"0.00002"	"261.449444"	"0.000015"	"282"	"1.80e+06"	"1.32e-03"	"-2.035"	B+	"7728.060"	"45964.957"	"3d7.(4F).4s"	"a 5F"	"3"	"3d6.(3F2).4s.4p.(3P*)"	"x 5G*"	"2"		"T5720"	"L11631"	
"261.80179"	"0.00002"	"261.801804"	"0.000022"	"2140"	"1.50e+07"	"1.54e-02"	"-0.967"	B+	"7728.060"	"45913.497"	"3d7.(4F).4s"	"a 5F"	"3"	"3d6.(3F2).4s.4p.(3P*)"	"x 5G*"	"3"		"T5720"	"L11631"	
"261.87105"	"0.00002"	"261.870949"	"0.000007"	"170"	"5.21e+05"	"4.17e-04"	"-2.426"	B	"0.000"	"38175.355"	"3d6.4s2"	"a 5D"	"4"	"3d7.(4F).4p"	"y 3D*"	"3"		"T5720"	"L11631"	
"262.33658"	"0.00002"	"262.336554"	"0.000010"	"240"	"8.61e+05"	"8.89e-04"	"-2.574"	D	"888.132"	"38995.736"	"3d6.4s2"	"a 5D"	"1"	"3d7.(4F).4p"	"y 3D*"	"1"		"T5720"	"L11631"	
"262.35337"	"0.00002"	"262.353360"	"0.000016"	"3310"	"2.13e+07"	"2.82e-02"	"-0.704"	B+	"7728.060"	"45833.223"	"3d7.(4F).4s"	"a 5F"	"3"	"3d6.(3F2).4s.4p.(3P*)"	"x 5G*"	"4"		"T5720"	"L11631"	
"262.72240"	"0.00006"	"262.722419"	"0.000010"	"76"	"1.09e+05"	"1.13e-04"	"-2.993"	B	"7376.764"	"45428.402"	"3d7.(4F).4s"	"a 5F"	"4"	"3d6.(3H).4s.4p.(3P*)"	"y 3G*"	"4"		"T5720"	"L11631"	
""	""	"262.957226"	"0.000010"	""	"2.00e+06"	"6.21e-03"	"-2.207"	D+	"978.074"	"38995.736"	"3d6.4s2"	"a 5D"	"0"	"3d7.(4F).4p"	"y 3D*"	"1"		"T5783"	""	
"263.22375"	"0.00002"	"263.223736"	"0.000016"	"1660"	"1.21e+07"	"1.26e-02"	"-1.202"	B+	"7985.785"	"45964.957"	"3d7.(4F).4s"	"a 5F"	"2"	"3d6.(3F2).4s.4p.(3P*)"	"x 5G*"	"2"		"T5720"	"L11631"	
"263.25938"	"0.00002"	"263.259367"	"0.000010"	"174"	"9.00e+05"	"9.35e-04"	"-2.330"	C	"704.007"	"38678.039"	"3d6.4s2"	"a 5D"	"2"	"3d7.(4F).4p"	"y 3D*"	"2"		"T5720"	"L11631"	
"263.57211"	"0.00010"	"263.571918"	"0.000022"	"76"	"4.29e+06"	"3.66e-03"	"-1.395"	C	"19621.006"	"57550.010"	"3d6.4s2"	"a 3H"	"5"	"3d6.(3D).4s.4p.(3P*)"	"t 3F*"	"4"		"T5720"	"L11631"	
"263.58087"	"0.00002"	"263.580897"	"0.000022"	"2090"	"2.11e+07"	"3.08e-02"	"-0.813"	B+	"7985.785"	"45913.497"	"3d7.(4F).4s"	"a 5F"	"2"	"3d6.(3F2).4s.4p.(3P*)"	"x 5G*"	"3"		"T5720"	"L11631"	
"263.64785"	"0.00006"	"263.647842"	"0.000010"	"490"	"7.86e+05"	"1.00e-03"	"-2.045"	B	"7376.764"	"45294.846"	"3d7.(4F).4s"	"a 5F"	"4"	"3d6.(3H).4s.4p.(3P*)"	"y 3G*"	"5"		"T5720"	"L11631"	
"264.10292"	"0.00010"	"264.102912"	"0.000016"	"33"	"7.71e+06"	"6.28e-03"	"-1.248"	D+	"19788.251"	"57641.001"	"3d6.4s2"	"a 3H"	"4"	"3d6.(3D).4s.4p.(3P*)"	"t 3F*"	"3"		"T5720"	"L11631"	
"264.16436"	"0.00020"	"264.164559"	"0.000010"	"870bl"	"6.47e+06"	"5.27e-03"	"-1.324"	C	"7376.764"	"45220.681"	"3d7.(4F).4s"	"a 5F"	"4"	"3d6.(3P2).4s.4p.(3P*)"	"x 3D*"	"3"		"T5720"	"L11631"	
"264.39984"	"0.00002"	"264.399839"	"0.000016"	"1150"	"2.34e+07"	"4.09e-02"	"-0.911"	B+	"8154.714"	"45964.957"	"3d7.(4F).4s"	"a 5F"	"1"	"3d6.(3F2).4s.4p.(3P*)"	"x 5G*"	"2"		"T5720"	"L11631"	
"264.54214"	"0.00006"	"264.542130"	"0.000010"	"132"	"3.38e+05"	"5.91e-04"	"-2.751"	C	"888.132"	"38678.039"	"3d6.4s2"	"a 5D"	"1"	"3d7.(4F).4p"	"y 3D*"	"2"		"T5720"	"L11631"	
"264.75574"	"0.00002"	"264.755720"	"0.000010"	"170"	"5.20e+05"	"5.47e-04"	"-2.417"	B	"415.933"	"38175.355"	"3d6.4s2"	"a 5D"	"3"	"3d7.(4F).4p"	"y 3D*"	"3"		"T5720"	"L11631"	
"265.17060"	"0.00002"	"265.170642"	"0.000010"	"437"	"9.72e+05"	"1.32e-03"	"-2.035"	B	"7728.060"	"45428.402"	"3d7.(4F).4s"	"a 5F"	"3"	"3d6.(3H).4s.4p.(3P*)"	"y 3G*"	"4"		"T5720"	"L11631"	
"265.61453"	"0.00006"	"265.614508"	"0.000022"	"479"	"1.63e+07"	"1.99e-02"	"-0.587"	B	"19390.168"	"57027.513"	"3d6.4s2"	"a 3H"	"6"	"3d6.(1I).4s.4p.(3P*)"	"x 3I*"	"7"		"T5720"	"L11631"	
"265.67917"	"0.00020"	"265.679150"	"0.000016"	"174bl"	"1.45e+06"	"1.87e-03"	"-1.773"	B	"11976.239"	"49604.427"	"3d7.(4F).4s"	"a 3F"	"4"	"3d7.(2G).4p"	"y 3H*"	"5"		"T5720"	"L11631"	
"266.03970"	"0.00002"	"266.039745"	"0.000010"	"437"	"6.32e+05"	"9.40e-04"	"-2.328"	B	"7985.785"	"45562.974"	"3d7.(4F).4s"	"a 5F"	"2"	"3d6.(3H).4s.4p.(3P*)"	"y 3G*"	"3"		"T5720"	"L11631"	
"266.20564"	"0.00006"	"266.205639"	"0.000010"	"580"	"4.64e+06"	"3.52e-03"	"-1.608"	B	"7728.060"	"45281.833"	"3d7.(4F).4s"	"a 5F"	"3"	"3d6.(3P2).4s.4p.(3P*)"	"x 3D*"	"2"		"T5720"	"L11631"	
"266.63985"	"0.00002"	"266.639857"	"0.000010"	"178"	"1.79e+06"	"1.91e-03"	"-1.874"	B	"7728.060"	"45220.681"	"3d7.(4F).4s"	"a 5F"	"3"	"3d6.(3P2).4s.4p.(3P*)"	"x 3D*"	"3"		"T5720"	"L11631"	
"266.68123"	"0.00002"	"266.681221"	"0.000010"	"3630"	"8.91e+06"	"7.77e-03"	"-1.068"	B+	"6928.268"	"44415.074"	"3d7.(4F).4s"	"a 5F"	"5"	"3d6.(3F2).4s.4p.(3P*)"	"w 5F*"	"4"		"T5720"	"L11631"	
"266.69648"	"0.00006"	"266.696468"	"0.000010"	"468"	"5.16e+06"	"6.73e-03"	"-1.218"	B	"11976.239"	"49460.902"	"3d7.(4F).4s"	"a 3F"	"4"	"3d7.(2G).4p"	"v 3G*"	"5"		"T5720"	"L11631"	
"266.79125"	"0.00006"	"266.791240"	"0.000010"	"135"	"1.69e+05"	"2.52e-04"	"-2.899"	B	"704.007"	"38175.355"	"3d6.4s2"	"a 5D"	"2"	"3d7.(4F).4p"	"y 3D*"	"3"		"T5720"	"L11631"	
"266.94931"	"0.00002"	"266.949283"	"0.000023"	"447"	"1.34e+07"	"1.69e-02"	"-0.730"	B	"19621.006"	"57070.171"	"3d6.4s2"	"a 3H"	"5"	"3d6.(1I).4s.4p.(3P*)"	"x 3I*"	"6"		"T5720"	"L11631"	
"267.32130"	"0.00002"	"267.321293"	"0.000010"	"229"	"2.27e+06"	"2.43e-03"	"-2.137"	B	"8154.714"	"45551.767"	"3d7.(4F).4s"	"a 5F"	"1"	"3d6.(3P2).4s.4p.(3P*)"	"x 3D*"	"1"		"T5720"	"L11631"	
"267.90240"	"0.00002"	"267.90221"	"0.00005"	"288"	"1.10e+07"	"1.45e-02"	"-0.885"	B	"19788.251"	"57104.217"	"3d6.4s2"	"a 3H"	"4"	"3d6.(1I).4s.4p.(3P*)"	"x 3I*"	"5"		"T5720"	"L11631"	
"267.90616"	"0.00002"	"267.906153"	"0.000016"	"8100"	"1.50e+07"	"1.61e-02"	"-0.751"	B+	"6928.268"	"44243.685"	"3d7.(4F).4s"	"a 5F"	"5"	"3d6.(3F2).4s.4p.(3P*)"	"w 5F*"	"5"		"T5720"	"L11631"	
"268.04529"	"0.00002"	"268.045292"	"0.000010"	"447"	"3.42e+06"	"3.68e-03"	"-1.735"	B	"7985.785"	"45281.833"	"3d7.(4F).4s"	"a 5F"	"2"	"3d6.(3P2).4s.4p.(3P*)"	"x 3D*"	"2"		"T5720"	"L11631"	
"268.48558"	"0.00011"	"268.485536"	"0.000010"	"66"	"1.87e+05"	"2.83e-04"	"-2.849"	C+	"7985.785"	"45220.681"	"3d7.(4F).4s"	"a 5F"	"2"	"3d6.(3P2).4s.4p.(3P*)"	"x 3D*"	"3"		"T5720"	"L11631"	
"268.92121"	"0.00021"	"268.921246"	"0.000016"	"5500bl"	"1.68e+07"	"1.42e-02"	"-0.894"	B+	"7376.764"	"44551.335"	"3d7.(4F).4s"	"a 5F"	"4"	"3d6.(3F2).4s.4p.(3P*)"	"w 5F*"	"3"		"T5720"	"L11631"	
"268.98287"	"0.00002"	"268.982861"	"0.000016"	"316"	"3.04e+06"	"4.24e-03"	"-1.528"	C+	"12560.934"	"49726.990"	"3d7.(4F).4s"	"a 3F"	"3"	"3d7.(2G).4p"	"y 3H*"	"4"		"T5720"	"L11631"	
""	""	"269.004619"	"0.000023"	""	"1.69e+06"	"1.83e-03"	"-1.782"	D+	"19788.251"	"56951.301"	"3d6.4s2"	"a 3H"	"4"	"3d7.(2H).4p"	"v 1G*"	"4"		"T5720"	""	
"269.00680"	"0.00002"	"269.006820"	"0.000008"	"324"	"2.53e+05"	"2.14e-04"	"-2.716"	C+	"0.000"	"37162.746"	"3d6.4s2"	"a 5D"	"4"	"3d7.(4F).4p"	"y 3F*"	"3"		"T5720"	"L11631"	
"269.22480"	"0.00006"	"269.224811"	"0.000010"	"105"	"6.27e+05"	"6.82e-04"	"-2.212"	C+	"11976.239"	"49108.896"	"3d7.(4F).4s"	"a 3F"	"4"	"3d7.(2G).4p"	"w 3F*"	"4"		"T5720"	"L11631"	
"269.26501"	"0.00011"	"269.264972"	"0.000010"	"95"	"3.99e+05"	"7.23e-04"	"-2.664"	C+	"8154.714"	"45281.833"	"3d7.(4F).4s"	"a 5F"	"1"	"3d6.(3P2).4s.4p.(3P*)"	"x 3D*"	"2"		"T5720"	"L11631"	
"269.50353"	"0.00002"	"269.503529"	"0.000010"	"520"	"4.77e+05"	"4.25e-04"	"-2.330"	B	"6928.268"	"44022.525"	"3d7.(4F).4s"	"a 5F"	"5"	"3d6.(3F2).4s.4p.(3P*)"	"v 5D*"	"4"		"T5720"	"L11631"	
"269.70208"	"0.00002"	"269.702081"	"0.000010"	"355"	"3.51e+06"	"4.93e-03"	"-1.462"	B	"12560.934"	"49627.884"	"3d7.(4F).4s"	"a 3F"	"3"	"3d7.(2G).4p"	"v 3G*"	"4"		"T5720"	"L11631"	
"269.91065"	"0.00002"	"269.910641"	"0.000010"	"2820"	"5.59e+06"	"6.11e-03"	"-1.260"	B+	"7376.764"	"44415.074"	"3d7.(4F).4s"	"a 5F"	"4"	"3d6.(3F2).4s.4p.(3P*)"	"w 5F*"	"4"		"T5720"	"L11631"	
"270.19103"	"0.00006"	"270.190919"	"0.000017"	"60"	"1.05e+07"	"8.93e-03"	"-1.095"	D+	"20641.110"	"57641.001"	"3d6.4s2"	"b 3F2"	"4"	"3d6.(3D).4s.4p.(3P*)"	"t 3F*"	"3"		"T5720"	"L11631"	
"270.24500"	"0.00006"	"270.244950"	"0.000017"	"107"	"4.23e+06"	"3.92e-03"	"-1.293"	B	"19390.168"	"56382.662"	"3d6.4s2"	"a 3H"	"6"	"3d6.(1I).4s.4p.(3P*)"	"u 3H*"	"5"		"T5720"	"L11631"	
"270.60124"	"0.00002"	"270.601226"	"0.000023"	"810"	"2.28e+07"	"2.50e-02"	"-0.488"	B+	"19390.168"	"56333.960"	"3d6.4s2"	"a 3H"	"6"	"3d6.(1I).4s.4p.(3P*)"	"u 3H*"	"6"		"T5720"	"L11631"	
"270.65817"	"0.00002"	"270.658205"	"0.000011"	"6500"	"2.69e+07"	"2.11e-02"	"-0.831"	B+	"7728.060"	"44664.075"	"3d7.(4F).4s"	"a 5F"	"3"	"3d6.(3F2).4s.4p.(3P*)"	"v 5D*"	"2"		"T5720"	"L11631"	
"270.85707"	"0.00002"	"270.857054"	"0.000023"	"720"	"6.49e+07"	"7.14e-02"	"-0.192"	B+	"20641.110"	"57550.010"	"3d6.4s2"	"b 3F2"	"4"	"3d6.(3D).4s.4p.(3P*)"	"t 3F*"	"4"		"T5720"	"L11631"	
"271.05435"	"0.00002"	"271.054351"	"0.000011"	"520"	"5.99e+06"	"9.25e-03"	"-1.335"	C+	"12968.554"	"49850.590"	"3d7.(4F).4s"	"a 3F"	"2"	"3d7.(2G).4p"	"v 3G*"	"3"		"T5720"	"L11631"	
"271.16550"	"0.00002"	"271.165486"	"0.000017"	"3090"	"4.99e+06"	"6.73e-03"	"-1.218"	B+	"7376.764"	"44243.685"	"3d7.(4F).4s"	"a 5F"	"4"	"3d6.(3F2).4s.4p.(3P*)"	"w 5F*"	"5"		"T5720"	"L11631"	
"271.48691"	"0.00002"	"271.486912"	"0.000017"	"479"	"8.38e+05"	"9.27e-04"	"-2.188"	B+	"7728.060"	"44551.335"	"3d7.(4F).4s"	"a 5F"	"3"	"3d6.(3F2).4s.4p.(3P*)"	"w 5F*"	"3"		"T5720"	"L11631"	
"271.62573"	"0.00011"	"271.625767"	"0.000017"	"87"	"3.70e+06"	"4.10e-03"	"-1.433"	D+	"19788.251"	"56592.703"	"3d6.4s2"	"a 3H"	"4"	"3d6.(1G2).4s.4p.(3P*)"	"u 3F*"	"4"		"T5720"	"L11631"	
"271.64185"	"0.00011"	"271.641821"	"0.000017"	"81"	"4.96e+06"	"4.49e-03"	"-1.306"	C+	"19621.006"	"56423.283"	"3d6.4s2"	"a 3H"	"5"	"3d6.(1I).4s.4p.(3P*)"	"u 3H*"	"4"		"T5720"	"L11631"	
"271.73661"	"0.00006"	"271.736595"	"0.000011"	"166"	"1.92e+05"	"1.65e-04"	"-2.827"	C	"7376.764"	"44166.206"	"3d7.(4F).4s"	"a 5F"	"4"	"3d6.(3F2).4s.4p.(3P*)"	"v 5D*"	"3"		"T5720"	"L11631"	
"271.77864"	"0.00002"	"271.778632"	"0.000011"	"447"	"1.92e+06"	"1.52e-03"	"-1.973"	B	"7728.060"	"44511.812"	"3d7.(4F).4s"	"a 5F"	"3"	"3d7.(4P).4p"	"y 5S*"	"2"		"T5720"	"L11631"	
"271.84361"	"0.00002"	"271.843604"	"0.000011"	"3390"	"3.79e+07"	"2.52e-02"	"-0.900"	B+	"7985.785"	"44760.746"	"3d7.(4F).4s"	"a 5F"	"2"	"3d6.(3F2).4s.4p.(3P*)"	"v 5D*"	"1"		"T5720"	"L11631"	
"271.90272"	"0.00002"	"271.902720"	"0.000008"	"10700"	"1.42e+08"	"1.22e-01"	"0.042"	B+	"0.000"	"36766.966"	"3d6.4s2"	"a 5D"	"4"	"3d6.(5D).4s.4p.(1P*)"	"y 5P*"	"3"		"T5720"	"L11631"	
""	""	"271.906026"	"0.000017"	""	"7.40e+07"	"8.21e-02"	"-0.241"	B	"20874.482"	"57641.001"	"3d6.4s2"	"b 3F2"	"3"	"3d6.(3D).4s.4p.(3P*)"	"t 3F*"	"3"		"T5720"	""	
"271.94202"	"0.00002"	"271.941996"	"0.000017"	"1000"	"3.20e+07"	"3.55e-02"	"-0.409"	B+	"19621.006"	"56382.662"	"3d6.4s2"	"a 3H"	"5"	"3d6.(1I).4s.4p.(3P*)"	"u 3H*"	"5"		"T5720"	"L11631"	
"272.09021"	"0.00006"	"272.090204"	"0.000011"	"8100"	"1.04e+08"	"8.24e-02"	"-0.239"	B	"415.933"	"37157.566"	"3d6.4s2"	"a 5D"	"3"	"3d6.(5D).4s.4p.(1P*)"	"y 5P*"	"2"		"T5720"	"L11631"	
"272.20388"	"0.00006"	"272.203836"	"0.000011"	"117"	"6.31e+05"	"7.01e-04"	"-2.200"	C+	"11976.239"	"48702.535"	"3d7.(4F).4s"	"a 3F"	"4"	"3d6.(3H).4s.4p.(3P*)"	"y 1G*"	"4"		"T5720"	"L11631"	
"272.35773"	"0.00002"	"272.357709"	"0.000011"	"8900"	"5.69e+07"	"3.80e-02"	"-0.722"	B	"704.007"	"37409.555"	"3d6.4s2"	"a 5D"	"2"	"3d6.(5D).4s.4p.(1P*)"	"y 5P*"	"1"		"T5720"	"L11631"	
"272.49531"	"0.00021"	"272.495309"	"0.000011"	"2630bl*"	"4.76e+06"	"6.81e-03"	"-1.322"	B+	"7728.060"	"44415.074"	"3d7.(4F).4s"	"a 5F"	"3"	"3d6.(3F2).4s.4p.(3P*)"	"w 5F*"	"4"		"T5720"	"L11631"	
"272.50160"	"0.00011"	"272.501534"	"0.000008"	"59"	"3.10e+04"	"3.45e-05"	"-3.508"	D+	"0.000"	"36686.176"	"3d6.4s2"	"a 5D"	"4"	"3d7.(4F).4p"	"y 3F*"	"4"		"T5720"	"L11631"	
"272.56018"	"0.00006"	"272.560127"	"0.000011"	"145"	"4.92e+05"	"5.48e-04"	"-2.562"	B	"7985.785"	"44664.075"	"3d7.(4F).4s"	"a 5F"	"2"	"3d6.(3F2).4s.4p.(3P*)"	"v 5D*"	"2"		"T5720"	"L11631"	
"272.58058"	"0.00011"	"272.580654"	"0.000023"	"42"	"2.41e+06"	"3.45e-03"	"-1.617"	D+	"20874.482"	"57550.010"	"3d6.4s2"	"b 3F2"	"3"	"3d6.(3D).4s.4p.(3P*)"	"t 3F*"	"4"		"T5720"	"L11631"	
"272.60551"	"0.00006"	"272.605496"	"0.000017"	"1580"	"5.52e+07"	"2.05e-02"	"-1.211"	B+	"8154.714"	"44826.900"	"3d7.(4F).4s"	"a 5F"	"1"	"3d6.(3F2).4s.4p.(3P*)"	"v 5D*"	"0"		"T5720"	"L11631"	
"272.80208"	"0.00002"	"272.802081"	"0.000011"	"3160"	"3.45e+06"	"3.85e-03"	"-1.460"	B	"7376.764"	"44022.525"	"3d7.(4F).4s"	"a 5F"	"4"	"3d6.(3F2).4s.4p.(3P*)"	"v 5D*"	"4"		"T5720"	"L11631"	
"272.88200"	"0.00002"	"272.881978"	"0.000017"	"710"	"2.98e+07"	"3.33e-02"	"-0.524"	B	"19788.251"	"56423.283"	"3d6.4s2"	"a 3H"	"4"	"3d6.(1I).4s.4p.(3P*)"	"u 3H*"	"4"		"T5720"	"L11631"	
"272.89696"	"0.00006"	"272.896899"	"0.000011"	"120"	"1.56e+05"	"2.90e-04"	"-3.060"	D+	"888.132"	"37521.161"	"3d6.4s2"	"a 5D"	"1"	"3d7.(4F).4p"	"y 3F*"	"2"		"T5720"	"L11631"	
"273.09818"	"0.00002"	"273.098172"	"0.000011"	"810"	"6.28e+06"	"7.02e-03"	"-1.676"	B+	"8154.714"	"44760.746"	"3d7.(4F).4s"	"a 5F"	"1"	"3d6.(3F2).4s.4p.(3P*)"	"v 5D*"	"1"		"T5720"	"L11631"	
"273.12812"	"0.00021"	"273.128153"	"0.000017"	"47bl"	"6.84e+06"	"1.07e-02"	"-1.271"	D+	"21038.987"	"57641.001"	"3d6.4s2"	"b 3F2"	"2"	"3d6.(3D).4s.4p.(3P*)"	"t 3F*"	"3"		"T5720"	"L11631"	
"273.33654"	"0.00016"	"273.336703"	"0.000011"	"76"	"4.75e+05"	"5.32e-04"	"-2.429"	C+	"12560.934"	"49135.023"	"3d7.(4F).4s"	"a 3F"	"3"	"3d6.(3F2).4s.4p.(3P*)"	"v 3D*"	"3"		"T5720"	"L11631"	
"273.35803"	"0.00002"	"273.358020"	"0.000011"	"15100"	"7.10e+07"	"6.51e-02"	"-0.145"	C+	"6928.268"	"43499.505"	"3d7.(4F).4s"	"a 5F"	"5"	"3d6.(3P2).4s.4p.(3P*)"	"w 5D*"	"4"		"T5720"	"L11631"	
"273.40053"	"0.00002"	"273.400538"	"0.000017"	"980"	"2.20e+06"	"3.45e-03"	"-1.763"	B+	"7985.785"	"44551.335"	"3d7.(4F).4s"	"a 5F"	"2"	"3d6.(3F2).4s.4p.(3P*)"	"w 5F*"	"3"		"T5720"	"L11631"	
"273.46150"	"0.00002"	"273.461537"	"0.000017"	"447"	"9.68e+05"	"7.76e-04"	"-2.265"	B+	"7728.060"	"44285.454"	"3d7.(4F).4s"	"a 5F"	"3"	"3d6.(3F2).4s.4p.(3P*)"	"w 5F*"	"2"		"T5720"	"L11631"	
"273.54751"	"0.00002"	"273.547518"	"0.000011"	"8100"	"5.03e+07"	"4.39e-02"	"-0.403"	D+	"7376.764"	"43922.668"	"3d7.(4F).4s"	"a 5F"	"4"	"3d6.(3P2).4s.4p.(3P*)"	"w 5D*"	"3"		"T5720"	"L11631"	
"273.73090"	"0.00002"	"273.730891"	"0.000011"	"10700"	"7.25e+07"	"8.14e-02"	"-0.612"	B	"888.132"	"37409.555"	"3d6.4s2"	"a 5D"	"1"	"3d6.(5D).4s.4p.(1P*)"	"y 5P*"	"1"		"T5720"	"L11631"	
"273.76407"	"0.00006"	"273.763973"	"0.000017"	"437"	"1.14e+07"	"1.08e-02"	"-0.851"	B	"19390.168"	"55907.178"	"3d6.4s2"	"a 3H"	"6"	"3d7.(2H).4p"	"1H*"	"5"		"T5720"	"L11631"	
"273.82131"	"0.00006"	"273.821332"	"0.000011"	"145"	"4.10e+05"	"7.68e-04"	"-2.637"	B	"8154.714"	"44664.075"	"3d7.(4F).4s"	"a 5F"	"1"	"3d6.(3F2).4s.4p.(3P*)"	"v 5D*"	"2"		"T5720"	"L11631"	
"274.15766"	"0.00011"	"274.157644"	"0.000017"	"59"	"6.99e+05"	"7.88e-04"	"-2.405"	C	"12968.554"	"49433.131"	"3d7.(4F).4s"	"a 3F"	"2"	"3d7.(2G).4p"	"w 3F*"	"2"		"T5720"	"L11631"	
"274.20157"	"0.00002"	"274.201546"	"0.000011"	"590"	"4.11e+05"	"6.49e-04"	"-2.489"	C	"704.007"	"37162.746"	"3d6.4s2"	"a 5D"	"2"	"3d7.(4F).4p"	"y 3F*"	"3"		"T5720"	"L11631"	
"274.22540"	"0.00002"	"274.225398"	"0.000011"	"4270"	"3.41e+07"	"2.75e-02"	"-0.716"	C+	"7728.060"	"44183.628"	"3d7.(4F).4s"	"a 5F"	"3"	"3d6.(3P2).4s.4p.(3P*)"	"w 5D*"	"2"		"T5720"	"L11631"	
"274.24052"	"0.00002"	"274.240512"	"0.000011"	"16200"	"4.70e+07"	"5.30e-02"	"-0.577"	C+	"704.007"	"37157.566"	"3d6.4s2"	"a 5D"	"2"	"3d6.(5D).4s.4p.(1P*)"	"y 5P*"	"2"		"T5720"	"L11631"	
"274.35652"	"0.00002"	"274.356519"	"0.000011"	"2750"	"4.84e+06"	"5.46e-03"	"-1.418"	B+	"7728.060"	"44166.206"	"3d7.(4F).4s"	"a 5F"	"3"	"3d6.(3F2).4s.4p.(3P*)"	"v 5D*"	"3"		"T5720"	"L11631"	
"274.40673"	"0.00002"	"274.406714"	"0.000011"	"6300"	"3.09e+07"	"1.05e-01"	"-0.980"	B	"978.074"	"37409.555"	"3d6.4s2"	"a 5D"	"0"	"3d6.(5D).4s.4p.(1P*)"	"y 5P*"	"1"		"T5720"	"L11631"	
"274.45273"	"0.00006"	"274.452716"	"0.000011"	"1950"	"2.53e+07"	"1.71e-02"	"-1.067"	B+	"7985.785"	"44411.160"	"3d7.(4F).4s"	"a 5F"	"2"	"3d6.(3P2).4s.4p.(3P*)"	"w 5D*"	"1"		"T5720"	"L11631"	
""	""	"274.700224"	"0.000017"	"m"	"6.61e+06"	"4.49e-03"	"-1.649"	C+	"7985.785"	"44378.342"	"3d7.(4F).4s"	"a 5F"	"2"	"3d6.(3F2).4s.4p.(3P*)"	"w 5F*"	"1"		"T5720"	"L11631"	
"274.96825"	"0.00006"	"274.968153"	"0.000011"	"71"	"4.85e+05"	"9.16e-04"	"-2.561"	C+	"8154.714"	"44511.812"	"3d7.(4F).4s"	"a 5F"	"1"	"3d7.(4P).4p"	"y 5S*"	"2"		"T5720"	"L11631"	
"275.01404"	"0.00002"	"275.014032"	"0.000011"	"21400"	"2.74e+07"	"3.11e-02"	"-0.663"	B	"415.933"	"36766.966"	"3d6.4s2"	"a 5D"	"3"	"3d6.(5D).4s.4p.(1P*)"	"y 5P*"	"3"		"T5720"	"L11631"	
"275.36867"	"0.00006"	"275.368672"	"0.000011"	"1510"	"4.00e+07"	"1.52e-02"	"-1.342"	B	"8154.714"	"44458.934"	"3d7.(4F).4s"	"a 5F"	"1"	"3d6.(3P2).4s.4p.(3P*)"	"w 5D*"	"0"		"T5720"	"L11631"	
"275.40319"	"0.00002"	"275.403198"	"0.000017"	"2510"	"7.29e+06"	"8.29e-03"	"-1.383"	B+	"7985.785"	"44285.454"	"3d7.(4F).4s"	"a 5F"	"2"	"3d6.(3F2).4s.4p.(3P*)"	"w 5F*"	"2"		"T5720"	"L11631"	
"275.44271"	"0.00002"	"275.442688"	"0.000011"	"1780"	"1.62e+06"	"2.37e-03"	"-1.780"	B	"7728.060"	"44022.525"	"3d7.(4F).4s"	"a 5F"	"3"	"3d6.(3F2).4s.4p.(3P*)"	"v 5D*"	"4"		"T5720"	"L11631"	
"275.51817"	"0.00006"	"275.518110"	"0.000024"	"174"	"5.13e+06"	"4.78e-03"	"-1.279"	C+	"19621.006"	"55905.536"	"3d6.4s2"	"a 3H"	"5"	"3d6.(1G2).4s.4p.(3P*)"	"s 3G*"	"4"		"T5720"	"L11631"	
"275.62666"	"0.00002"	"275.626644"	"0.000011"	"1820"	"6.56e+05"	"9.61e-04"	"-2.172"	C+	"415.933"	"36686.176"	"3d6.4s2"	"a 5D"	"3"	"3d7.(4F).4p"	"y 3F*"	"4"		"T5720"	"L11631"	
"275.63280"	"0.00002"	"275.632792"	"0.000011"	"6300"	"1.41e+07"	"2.68e-02"	"-1.095"	B	"888.132"	"37157.566"	"3d6.4s2"	"a 5D"	"1"	"3d6.(5D).4s.4p.(1P*)"	"y 5P*"	"2"		"T5720"	"L11631"	
"275.73153"	"0.00006"	"275.731536"	"0.000011"	"2290"	"2.85e+07"	"3.25e-02"	"-1.011"	B+	"8154.714"	"44411.160"	"3d7.(4F).4s"	"a 5F"	"1"	"3d6.(3P2).4s.4p.(3P*)"	"w 5D*"	"1"		"T5720"	"L11631"	
"275.74224"	"0.00002"	"275.742222"	"0.000011"	"690"	"7.26e+05"	"1.01e-03"	"-2.041"	B	"11976.239"	"48231.280"	"3d7.(4F).4s"	"a 3F"	"4"	"3d6.(3G).4s.4p.(3P*)"	"y 5H*"	"5"		"T5720"	"L11631"	
"275.98136"	"0.00006"	"275.981357"	"0.000017"	"1740"	"7.60e+06"	"8.68e-03"	"-1.584"	C+	"8154.714"	"44378.342"	"3d7.(4F).4s"	"a 5F"	"1"	"3d6.(3F2).4s.4p.(3P*)"	"w 5F*"	"1"		"T5720"	"L11631"	
"276.06127"	"0.00021"	"276.061603"	"0.000017"	"44bl"	"1.81e+06"	"2.07e-03"	"-1.839"	C+	"17550.181"	"53763.280"	"3d7.(4P).4s"	"a 5P"	"3"	"3d7.(2D2).4p"	"x 1F*"	"3"		"T5720"	"L11631"	
"276.17796"	"0.00002"	"276.177959"	"0.000011"	"2630"	"1.94e+07"	"2.22e-02"	"-0.955"	B+	"7985.785"	"44183.628"	"3d7.(4F).4s"	"a 5F"	"2"	"3d6.(3P2).4s.4p.(3P*)"	"w 5D*"	"2"		"T5720"	"L11631"	
"276.20264"	"0.00006"	"276.202644"	"0.000011"	"3630"	"1.76e+07"	"2.01e-02"	"-0.851"	D+	"7728.060"	"43922.668"	"3d7.(4F).4s"	"a 5F"	"3"	"3d6.(3P2).4s.4p.(3P*)"	"w 5D*"	"3"		"T5720"	"L11631"	
""	""	"276.309213"	"0.000011"	"m"	"3.93e+05"	"3.68e-04"	"-2.392"	B	"6928.268"	"43108.917"	"3d7.(4F).4s"	"a 5F"	"5"	"3d6.(3H).4s.4p.(3P*)"	"z 5H*"	"4"		"T5720"	"L11631"	
"276.31094"	"0.00002"	"276.310954"	"0.000011"	"3550"	"3.27e+06"	"5.24e-03"	"-1.582"	B+	"7985.785"	"44166.206"	"3d7.(4F).4s"	"a 5F"	"2"	"3d6.(3F2).4s.4p.(3P*)"	"v 5D*"	"3"		"T5720"	"L11631"	
"276.69089"	"0.00002"	"276.690911"	"0.000017"	"2240"	"4.04e+06"	"7.73e-03"	"-1.635"	B+	"8154.714"	"44285.454"	"3d7.(4F).4s"	"a 5F"	"1"	"3d6.(3F2).4s.4p.(3P*)"	"w 5F*"	"2"		"T5720"	"L11631"	
"276.7522"	""	"276.752184"	"0.000011"	"250"	"1.48e+07"	"1.70e-02"	"-0.815"	C+	"7376.764"	"43499.505"	"3d7.(4F).4s"	"a 5F"	"4"	"3d6.(3P2).4s.4p.(3P*)"	"w 5D*"	"4"		"T5720"	"L2637"	
"276.92980"	"0.00002"	"276.929800"	"0.000024"	"930"	"1.80e+07"	"2.07e-02"	"-0.570"	C+	"19390.168"	"55489.742"	"3d6.4s2"	"a 3H"	"6"	"3d6.(1G2).4s.4p.(3P*)"	"v 3H*"	"6"		"T5720"	"L11631"	
"276.96691"	"0.00002"	"276.967066"	"0.000017"	"550"	"7.17e+05"	"6.75e-04"	"-2.130"	B+	"6928.268"	"43022.985"	"3d7.(4F).4s"	"a 5F"	"5"	"3d6.(3H).4s.4p.(3P*)"	"y 5G*"	"4"		"T5720"	"L11631"	
"277.20738"	"0.00002"	"277.207371"	"0.000017"	"3720"	"2.34e+06"	"2.70e-03"	"-1.528"	B+	"6928.268"	"42991.697"	"3d7.(4F).4s"	"a 5F"	"5"	"3d6.(3H).4s.4p.(3P*)"	"z 5H*"	"5"		"T5720"	"L11631"	
"277.21100"	"0.00002"	"277.210984"	"0.000011"	"2750"	"4.12e+06"	"6.65e-03"	"-1.479"	B	"704.007"	"36766.966"	"3d6.4s2"	"a 5D"	"2"	"3d6.(5D).4s.4p.(1P*)"	"y 5P*"	"3"		"T5720"	"L11631"	
"277.47297"	"0.00022"	"277.472944"	"0.000011"	"468bl"	"2.64e+06"	"5.08e-03"	"-1.817"	B+	"8154.714"	"44183.628"	"3d7.(4F).4s"	"a 5F"	"1"	"3d6.(3P2).4s.4p.(3P*)"	"w 5D*"	"2"		"T5720"	"L11631"	
"277.82201"	"0.00006"	"277.822004"	"0.000011"	"9100"	"9.08e+06"	"1.05e-02"	"-0.937"	B+	"6928.268"	"42911.917"	"3d7.(4F).4s"	"a 5F"	"5"	"3d6.(3H).4s.4p.(3P*)"	"y 5G*"	"5"		"T5720"	"L11631"	
"278.06971"	"0.00006"	"278.069735"	"0.000017"	"263"	"9.01e+06"	"1.05e-02"	"-1.026"	B	"20641.110"	"56592.703"	"3d6.4s2"	"b 3F2"	"4"	"3d6.(1G2).4s.4p.(3P*)"	"u 3F*"	"4"		"T5720"	"L11631"	
"278.08817"	"0.00006"	"278.088246"	"0.000017"	"155"	"7.20e+04"	"6.49e-05"	"-3.233"	C+	"7376.764"	"43325.964"	"3d7.(4F).4s"	"a 5F"	"4"	"3d6.(3H).4s.4p.(3P*)"	"z 5H*"	"3"		"T5720"	"L11631"	
"278.18354"	"0.00002"	"278.183563"	"0.000011"	"650"	"2.25e+06"	"3.65e-03"	"-1.738"	D+	"7985.785"	"43922.668"	"3d7.(4F).4s"	"a 5F"	"2"	"3d6.(3P2).4s.4p.(3P*)"	"w 5D*"	"3"		"T5720"	"L11631"	
"278.43419"	"0.00012"	"278.434041"	"0.000018"	"100"	"2.30e+06"	"2.67e-03"	"-1.532"	C+	"19621.006"	"55525.562"	"3d6.4s2"	"a 3H"	"5"	"3d6.(1G2).4s.4p.(3P*)"	"v 3H*"	"5"		"T5720"	"L11631"	
"278.79312"	"0.00002"	"278.793144"	"0.000011"	"1290"	"2.27e+06"	"3.23e-03"	"-1.536"	B+	"11976.239"	"47834.550"	"3d7.(4F).4s"	"a 3F"	"4"	"3d6.(3F2).4s.4p.(3P*)"	"x 3G*"	"5"		"T5720"	"L11631"	
"278.81047"	"0.00002"	"278.810461"	"0.000018"	"4570"	"5.92e+07"	"8.15e-02"	"-0.047"	B+	"6928.268"	"42784.352"	"3d7.(4F).4s"	"a 5F"	"5"	"3d6.(3H).4s.4p.(3P*)"	"y 5G*"	"6"		"T5720"	"L11631"	
"278.98014"	"0.00006"	"278.980132"	"0.000025"	"407"	"2.36e+07"	"2.25e-02"	"-0.606"	B+	"21715.732"	"57550.010"	"3d7.(2G).4s"	"a 3G"	"5"	"3d6.(3D).4s.4p.(3P*)"	"t 3F*"	"4"		"T5720"	"L11631"	
"279.23987"	"0.00002"	"279.239871"	"0.000011"	"720"	"1.17e+06"	"1.76e-03"	"-1.910"	B	"12560.934"	"48361.882"	"3d7.(4F).4s"	"a 3F"	"3"	"3d6.(3G).4s.4p.(3P*)"	"y 5H*"	"4"		"T5720"	"L11631"	
"279.47019"	"0.00006"	"279.470189"	"0.000011"	"398"	"1.10e+06"	"1.66e-03"	"-1.936"	C	"7728.060"	"43499.505"	"3d7.(4F).4s"	"a 5F"	"3"	"3d6.(3P2).4s.4p.(3P*)"	"w 5D*"	"4"		"T5720"	"L11631"	
"279.50045"	"0.00006"	"279.500515"	"0.000008"	"170"	"9.29e+04"	"1.09e-04"	"-3.009"	C+	"0.000"	"35767.564"	"3d6.4s2"	"a 5D"	"4"	"3d7.(4F).4p"	"z 3G*"	"4"		"T5720"	"L11631"	
"279.55398"	"0.00002"	"279.553986"	"0.000011"	"650"	"1.42e+06"	"1.29e-03"	"-1.934"	B	"7376.764"	"43137.487"	"3d7.(4F).4s"	"a 5F"	"4"	"3d6.(3H).4s.4p.(3P*)"	"y 5G*"	"3"		"T5720"	"L11631"	
"279.77751"	"0.00002"	"279.777518"	"0.000011"	"7200"	"4.52e+06"	"5.30e-03"	"-1.321"	B+	"7376.764"	"43108.917"	"3d7.(4F).4s"	"a 5F"	"4"	"3d6.(3H).4s.4p.(3P*)"	"z 5H*"	"4"		"T5720"	"L11631"	
"280.31660"	"0.00012"	"280.316602"	"0.000011"	"46"	"6.00e+04"	"7.07e-05"	"-3.306"	C	"415.933"	"36079.372"	"3d6.4s2"	"a 5D"	"3"	"3d7.(4F).4p"	"z 3G*"	"3"		"T5720"	"L11631"	
"280.36132"	"0.00006"	"280.361272"	"0.000025"	"427"	"1.04e+07"	"1.23e-02"	"-0.957"	B	"19788.251"	"55446.008"	"3d6.4s2"	"a 3H"	"4"	"3d6.(1G2).4s.4p.(3P*)"	"v 3H*"	"4"		"T5720"	"L11631"	
"280.45201"	"0.00002"	"280.452009"	"0.000018"	"2690"	"1.05e+07"	"1.24e-02"	"-0.953"	B+	"7376.764"	"43022.985"	"3d7.(4F).4s"	"a 5F"	"4"	"3d6.(3H).4s.4p.(3P*)"	"y 5G*"	"4"		"T5720"	"L11631"	
"280.48615"	"0.00012"	"280.486239"	"0.000018"	"126"	"2.40e+07"	"2.20e-02"	"-0.703"	D+	"21999.130"	"57641.001"	"3d7.(2G).4s"	"a 3G"	"4"	"3d6.(3D).4s.4p.(3P*)"	"t 3F*"	"3"		"T5720"	"L11631"	
"280.69840"	"0.00002"	"280.698400"	"0.000018"	"6300"	"1.15e+07"	"1.66e-02"	"-0.826"	B+	"7376.764"	"42991.697"	"3d7.(4F).4s"	"a 5F"	"4"	"3d6.(3H).4s.4p.(3P*)"	"z 5H*"	"5"		"T5720"	"L11631"	
"280.72437"	"0.00017"	"280.724476"	"0.000008"	"195"	"1.67e+05"	"1.53e-04"	"-2.860"	D	"0.000"	"35611.625"	"3d6.4s2"	"a 5D"	"4"	"3d7.(4F).4p"	"z 5G*"	"3"		"T5720"	"L11631"	
"280.83268"	"0.00002"	"280.832685"	"0.000018"	"930"	"4.48e+05"	"5.30e-04"	"-2.431"	B+	"7728.060"	"43325.964"	"3d7.(4F).4s"	"a 5F"	"3"	"3d6.(3H).4s.4p.(3P*)"	"z 5H*"	"3"		"T5720"	"L11631"	
"281.20401"	"0.00012"	"281.20417"	"0.00003"	"63"	"5.00e+06"	"5.93e-03"	"-1.273"	C+	"21999.130"	"57550.010"	"3d7.(2G).4s"	"a 3G"	"4"	"3d6.(3D).4s.4p.(3P*)"	"t 3F*"	"4"		"T5720"	"L11631"	
"281.32863"	"0.00002"	"281.328628"	"0.000011"	"12000"	"3.42e+07"	"4.96e-02"	"-0.350"	B+	"7376.764"	"42911.917"	"3d7.(4F).4s"	"a 5F"	"4"	"3d6.(3H).4s.4p.(3P*)"	"y 5G*"	"5"		"T5720"	"L11631"	
"281.55064"	"0.00006"	"281.550654"	"0.000018"	"650"	"1.45e+06"	"2.41e-03"	"-1.919"	B	"12968.554"	"48475.686"	"3d7.(4F).4s"	"a 3F"	"2"	"3d6.(3G).4s.4p.(3P*)"	"y 5H*"	"3"		"T5720"	"L11631"	
"281.75036"	"0.00006"	"281.750365"	"0.000018"	"437"	"1.49e+06"	"1.27e-03"	"-2.052"	B+	"7728.060"	"43210.025"	"3d7.(4F).4s"	"a 5F"	"3"	"3d6.(3H).4s.4p.(3P*)"	"y 5G*"	"2"		"T5720"	"L11631"	
"281.7945"	"0.0003"	"281.793944"	"0.000011"	"2"	"1.17e+05"	"1.39e-04"	"-2.902"	C	"11976.239"	"47452.717"	"3d7.(4F).4s"	"a 3F"	"4"	"3d7.(2G).4p"	"z 1G*"	"4"		"T5720"	"L11631c80"	
""	""	"282.080273"	"0.000011"	""	"6.10e+04"	"5.20e-05"	"-3.439"	D+	"415.933"	"35856.402"	"3d6.4s2"	"a 5D"	"3"	"3d7.(4F).4p"	"z 5G*"	"2"		"T5720"	""	
"282.32755"	"0.00002"	"282.327574"	"0.000011"	"4790"	"1.51e+07"	"1.80e-02"	"-0.899"	B+	"7728.060"	"43137.487"	"3d7.(4F).4s"	"a 5F"	"3"	"3d6.(3H).4s.4p.(3P*)"	"y 5G*"	"3"		"T5720"	"L11631"	
"282.55555"	"0.00002"	"282.555564"	"0.000011"	"9500"	"1.32e+07"	"2.03e-02"	"-0.847"	B+	"7728.060"	"43108.917"	"3d7.(4F).4s"	"a 5F"	"3"	"3d6.(3H).4s.4p.(3P*)"	"z 5H*"	"4"		"T5720"	"L11631"	
"282.56873"	"0.00002"	"282.568734"	"0.000008"	"1150"	"8.79e+04"	"1.29e-04"	"-2.936"	C+	"0.000"	"35379.208"	"3d6.4s2"	"a 5D"	"4"	"3d7.(4F).4p"	"z 3G*"	"5"		"T5720"	"L11631"	
"282.78918"	"0.00012"	"282.789171"	"0.000011"	"191"	"1.48e+05"	"2.28e-04"	"-2.797"	C+	"415.933"	"35767.564"	"3d6.4s2"	"a 5D"	"3"	"3d7.(4F).4p"	"z 3G*"	"4"		"T5720"	"L11631"	
"282.88080"	"0.00002"	"282.880813"	"0.000018"	"2000"	"1.87e+06"	"3.14e-03"	"-1.804"	B+	"7985.785"	"43325.964"	"3d7.(4F).4s"	"a 5F"	"2"	"3d6.(3H).4s.4p.(3P*)"	"z 5H*"	"3"		"T5720"	"L11631"	
"283.24353"	"0.00002"	"283.243532"	"0.000018"	"14500"	"2.38e+07"	"3.68e-02"	"-0.589"	B+	"7728.060"	"43022.985"	"3d7.(4F).4s"	"a 5F"	"3"	"3d6.(3H).4s.4p.(3P*)"	"y 5G*"	"4"		"T5720"	"L11631"	
"283.41732"	"0.00017"	"283.417293"	"0.000018"	"145"	"2.35e+05"	"2.83e-04"	"-2.703"	D+	"12560.934"	"47834.221"	"3d7.(4F).4s"	"a 3F"	"3"	"3d6.(3F2).4s.4p.(3P*)"	"x 3G*"	"3"		"T5720"	"L11631"	
"283.47524"	"0.00012"	"283.475311"	"0.000018"	"224"	"5.41e+06"	"7.97e-03"	"-1.145"	C+	"20641.110"	"55907.178"	"3d6.4s2"	"b 3F2"	"4"	"3d7.(2H).4p"	"1H*"	"5"		"T5720"	"L11631"	
"283.54562"	"0.00002"	"283.545618"	"0.000008"	"760"	"3.24e+05"	"3.91e-04"	"-2.454"	C+	"0.000"	"35257.324"	"3d6.4s2"	"a 5D"	"4"	"3d7.(4F).4p"	"z 5G*"	"4"		"T5720"	"L11631"	
"283.59505"	"0.00006"	"283.595008"	"0.000012"	"479"	"1.30e+06"	"2.02e-03"	"-1.851"	B	"12560.934"	"47812.118"	"3d7.(4F).4s"	"a 3F"	"3"	"3d6.(3F2).4s.4p.(3P*)"	"x 3G*"	"4"		"T5720"	"L11631"	
"283.81193"	"0.00002"	"283.811948"	"0.000018"	"4680"	"1.28e+07"	"1.55e-02"	"-1.112"	B+	"7985.785"	"43210.025"	"3d7.(4F).4s"	"a 5F"	"2"	"3d6.(3H).4s.4p.(3P*)"	"y 5G*"	"2"		"T5720"	"L11631"	
"284.04221"	"0.00006"	"284.042166"	"0.000012"	"630"	"4.12e+05"	"4.98e-04"	"-2.457"	C+	"415.933"	"35611.625"	"3d6.4s2"	"a 5D"	"3"	"3d7.(4F).4p"	"z 5G*"	"3"		"T5720"	"L11631"	
"284.09372"	"0.00012"	"284.093707"	"0.000018"	"100"	"2.37e+06"	"2.87e-03"	"-1.844"	C+	"17726.988"	"52916.295"	"3d7.(4P).4s"	"a 5P"	"2"	"3d7.(2D2).4p"	"v 3P*"	"2"		"T5720"	"L11631"	
"284.36306"	"0.00002"	"284.363058"	"0.000012"	"5100"	"6.96e+06"	"6.56e-03"	"-1.229"	B+	"7376.764"	"42532.741"	"3d7.(4F).4s"	"a 5F"	"4"	"3d6.(3P2).4s.4p.(3P*)"	"x 5P*"	"3"		"T5720"	"L11631"	
"284.39210"	"0.00022"	"284.392036"	"0.000012"	"560bl"	"2.73e+05"	"3.31e-04"	"-2.781"	C+	"704.007"	"35856.402"	"3d6.4s2"	"a 5D"	"2"	"3d7.(4F).4p"	"z 5G*"	"2"		"T5720"	"L11631"	
"284.39762"	"0.00002"	"284.397643"	"0.000012"	"15800"	"3.17e+07"	"5.38e-02"	"-0.570"	B+	"7985.785"	"43137.487"	"3d7.(4F).4s"	"a 5F"	"2"	"3d6.(3H).4s.4p.(3P*)"	"y 5G*"	"3"		"T5720"	"L11631"	
"284.55474"	"0.00012"	"284.554670"	"0.000012"	"191"	"7.76e+05"	"9.42e-04"	"-2.181"	C+	"12560.934"	"47693.239"	"3d7.(4F).4s"	"a 3F"	"3"	"3d6.(3G).4s.4p.(3P*)"	"w 5G*"	"3"		"T5720"	"L11631"	
"284.55945"	"0.00022"	"284.559425"	"0.000018"	"3470bl"	"7.86e+06"	"6.82e-03"	"-1.321"	B	"7728.060"	"42859.778"	"3d7.(4F).4s"	"a 5F"	"3"	"3d6.(3P2).4s.4p.(3P*)"	"x 5P*"	"2"		"T5720"	"L11631"	
"284.57131"	"0.00006"	"284.571357"	"0.000012"	"302"	"7.32e+05"	"8.89e-04"	"-2.097"	C+	"11976.239"	"47106.484"	"3d7.(4F).4s"	"a 3F"	"4"	"3d6.(3H).4s.4p.(3P*)"	"z 3H*"	"4"		"T5720"	"L11631"	
"284.68296"	"0.00012"	"284.682965"	"0.000012"	"219"	"8.74e+05"	"8.27e-04"	"-2.128"	B	"11976.239"	"47092.712"	"3d7.(4F).4s"	"a 3F"	"4"	"3d6.(3F2).4s.4p.(3P*)"	"x 3F*"	"3"		"T5720"	"L11631"	
"284.87145"	"0.00002"	"284.871461"	"0.000018"	"1200"	"2.70e+06"	"1.97e-03"	"-2.006"	B	"7985.785"	"43079.023"	"3d7.(4F).4s"	"a 5F"	"2"	"3d6.(3P2).4s.4p.(3P*)"	"x 5P*"	"1"		"T5720"	"L11631"	
"285.17967"	"0.00002"	"285.179684"	"0.000018"	"15100"	"3.37e+07"	"6.85e-02"	"-0.687"	B+	"8154.714"	"43210.025"	"3d7.(4F).4s"	"a 5F"	"1"	"3d6.(3H).4s.4p.(3P*)"	"y 5G*"	"2"		"T5720"	"L11631"	
"285.36838"	"0.00012"	"285.368382"	"0.000012"	"219"	"3.29e+05"	"4.91e-04"	"-2.355"	C+	"11976.239"	"47008.371"	"3d7.(4F).4s"	"a 3F"	"4"	"3d6.(3H).4s.4p.(3P*)"	"z 3H*"	"5"		"T5720"	"L11631"	
"285.37715"	"0.00012"	"285.37716"	"0.00003"	"209"	"5.91e+06"	"9.28e-03"	"-1.187"	C+	"20874.482"	"55905.536"	"3d6.4s2"	"b 3F2"	"3"	"3d6.(1G2).4s.4p.(3P*)"	"s 3G*"	"4"		"T5720"	"L11631"	
"285.88962"	"0.00022"	"285.889571"	"0.000012"	"339bl"	"2.12e+05"	"4.33e-04"	"-2.886"	B	"888.132"	"35856.402"	"3d6.4s2"	"a 5D"	"1"	"3d7.(4F).4p"	"z 5G*"	"2"		"T5720"	"L11631"	
"286.24945"	"0.00007"	"286.249452"	"0.000018"	"760"	"1.17e+06"	"1.44e-03"	"-2.365"	B	"8154.714"	"43079.023"	"3d7.(4F).4s"	"a 5F"	"1"	"3d6.(3P2).4s.4p.(3P*)"	"x 5P*"	"1"		"T5720"	"L11631"	
"286.34298"	"0.00002"	"286.342974"	"0.000012"	"1260"	"4.13e+06"	"5.08e-03"	"-1.340"	B	"11976.239"	"46889.142"	"3d7.(4F).4s"	"a 3F"	"4"	"3d6.(3F2).4s.4p.(3P*)"	"x 3F*"	"4"		"T5720"	"L11631"	
"286.38629"	"0.00002"	"286.386328"	"0.000012"	"1580"	"5.69e+05"	"9.79e-04"	"-2.310"	C+	"704.007"	"35611.625"	"3d6.4s2"	"a 5D"	"2"	"3d7.(4F).4p"	"z 5G*"	"3"		"T5720"	"L11631"	
"286.66247"	"0.00002"	"286.662471"	"0.000019"	"1480"	"1.99e+06"	"2.45e-03"	"-1.912"	B	"7985.785"	"42859.778"	"3d7.(4F).4s"	"a 5F"	"2"	"3d6.(3P2).4s.4p.(3P*)"	"x 5P*"	"2"		"T5720"	"L11631"	
"286.73092"	"0.00007"	"286.730930"	"0.000019"	"760"	"1.25e+06"	"2.16e-03"	"-1.967"	B+	"12968.554"	"47834.221"	"3d7.(4F).4s"	"a 3F"	"2"	"3d6.(3F2).4s.4p.(3P*)"	"x 3G*"	"3"		"T5720"	"L11631"	
"286.75615"	"0.00007"	"286.756164"	"0.000012"	"600"	"2.37e+06"	"2.92e-03"	"-1.835"	C	"12968.554"	"47831.153"	"3d7.(4F).4s"	"a 3F"	"2"	"3d6.(3G).4s.4p.(3P*)"	"w 5G*"	"2"		"T5720"	"L11631"	
"286.84539"	"0.00007"	"286.845391"	"0.000019"	"309"	"1.45e+07"	"1.07e-02"	"-1.270"	B	"18378.186"	"53229.941"	"3d6.4s2"	"a 3P2"	"2"	"3d7.(2D2).4p"	"v 3P*"	"1"		"T5720"	"L11631"	
"286.93076"	"0.00002"	"286.930721"	"0.000012"	"4170"	"9.25e+05"	"1.47e-03"	"-1.988"	B	"415.933"	"35257.324"	"3d6.4s2"	"a 5D"	"3"	"3d7.(4F).4p"	"z 5G*"	"4"		"T5720"	"L11631"	
"287.23337"	"0.00002"	"287.233374"	"0.000012"	"2510"	"1.98e+06"	"2.45e-03"	"-1.766"	C+	"7728.060"	"42532.741"	"3d7.(4F).4s"	"a 5F"	"3"	"3d6.(3P2).4s.4p.(3P*)"	"x 5P*"	"3"		"T5720"	"L11631"	
"287.41720"	"0.00002"	"287.417205"	"0.000009"	"6200"	"9.30e+05"	"1.41e-03"	"-1.897"	B	"0.000"	"34782.421"	"3d6.4s2"	"a 5D"	"4"	"3d7.(4F).4p"	"z 5G*"	"5"		"T5720"	"L11631"	
"287.53020"	"0.00007"	"287.530190"	"0.000012"	"500"	"1.52e+06"	"1.47e-03"	"-1.880"	B	"11976.239"	"46744.993"	"3d7.(4F).4s"	"a 3F"	"4"	"3d7.(4P).4p"	"u 5D*"	"3"		"T5720"	"L11631"	
"287.73005"	"0.00002"	"287.730061"	"0.000012"	"2240"	"4.61e+06"	"5.72e-03"	"-1.288"	B	"11976.239"	"46720.842"	"3d7.(4F).4s"	"a 3F"	"4"	"3d7.(4P).4p"	"u 5D*"	"4"		"T5720"	"L11631"	
"287.89496"	"0.00017"	"287.895110"	"0.000012"	"120"	"3.61e+05"	"6.28e-04"	"-2.503"	C+	"12968.554"	"47693.239"	"3d7.(4F).4s"	"a 3F"	"2"	"3d6.(3G).4s.4p.(3P*)"	"w 5G*"	"3"		"T5720"	"L11631"	
"288.37470"	"0.00012"	"288.374765"	"0.000019"	"229"	"2.91e+06"	"3.63e-03"	"-1.399"	C+	"21715.732"	"56382.662"	"3d7.(2G).4s"	"a 3G"	"5"	"3d6.(1I).4s.4p.(3P*)"	"u 3H*"	"5"		"T5720"	"L11631"	
"288.63158"	"0.00007"	"288.631663"	"0.000012"	"380"	"1.29e+06"	"1.15e-03"	"-2.094"	B	"12560.934"	"47197.010"	"3d7.(4F).4s"	"a 3F"	"3"	"3d6.(3F2).4s.4p.(3P*)"	"x 3F*"	"2"		"T5720"	"L11631"	
"288.78049"	"0.00003"	"288.78048"	"0.00003"	"1150"	"7.98e+06"	"1.18e-02"	"-0.887"	B+	"21715.732"	"56333.960"	"3d7.(2G).4s"	"a 3G"	"5"	"3d6.(1I).4s.4p.(3P*)"	"u 3H*"	"6"		"T5720"	"L11631"	
"288.7958"	"0.0003"	"288.795654"	"0.000012"	"3"	"1.41e+06"	"1.44e-03"	"-1.799"	D+	"19621.006"	"54237.415"	"3d6.4s2"	"a 3H"	"5"	"3d6.(3G).4s.4p.(3P*)"	"t 3G*"	"4"		"T5720"	"L11631c80"	
"288.98998"	"0.00013"	"288.99005"	"0.00003"	"200"	"5.67e+05"	"6.01e-04"	"-2.107"	D+	"19390.168"	"53983.293"	"3d6.4s2"	"a 3H"	"6"	"3d6.(3G).4s.4p.(3P*)"	"t 3G*"	"5"		"T5720"	"L11631"	
"289.24774"	"0.00013"	"289.247758"	"0.000012"	"302"	"8.78e+06"	"1.10e-02"	"-1.003"	C+	"19562.439"	"54124.744"	"3d6.(5D).4s.4p.(3P*)"	"z 7D*"	"4"	"3d6.(5D).4s (6D).6s"	"g 7D"	"4"		"T5720"	"L11631"	
"289.37625"	"0.00007"	"289.376274"	"0.000012"	"331"	"1.76e+05"	"3.09e-04"	"-2.811"	C+	"7985.785"	"42532.741"	"3d7.(4F).4s"	"a 5F"	"2"	"3d6.(3P2).4s.4p.(3P*)"	"x 5P*"	"3"		"T5720"	"L11631"	
"289.38804"	"0.00007"	"289.388053"	"0.000012"	"710"	"6.88e+05"	"1.11e-03"	"-2.109"	C+	"12560.934"	"47106.484"	"3d7.(4F).4s"	"a 3F"	"3"	"3d6.(3H).4s.4p.(3P*)"	"z 3H*"	"4"		"T5720"	"L11631"	
"289.45040"	"0.00003"	"289.450402"	"0.000019"	"2820"	"4.83e+07"	"6.07e-02"	"-0.518"	B	"18378.186"	"52916.295"	"3d6.4s2"	"a 3P2"	"2"	"3d7.(2D2).4p"	"v 3P*"	"2"		"T5720"	"L11631"	
"289.50346"	"0.00003"	"289.503472"	"0.000012"	"2820"	"4.24e+06"	"5.33e-03"	"-1.428"	B	"12560.934"	"47092.712"	"3d7.(4F).4s"	"a 3F"	"3"	"3d6.(3F2).4s.4p.(3P*)"	"x 3F*"	"3"		"T5720"	"L11631"	
"289.94144"	"0.00022"	"289.941447"	"0.000019"	"1620bl"	"4.68e+07"	"3.54e-02"	"-0.752"	C+	"18378.186"	"52857.804"	"3d6.4s2"	"a 3P2"	"2"	"3d7.(2D2).4p"	"t 3D*"	"1"		"T5720"	"L11631"	
"290.13805"	"0.00003"	"290.138059"	"0.000012"	"1150"	"2.46e+06"	"3.10e-03"	"-1.663"	B	"12560.934"	"47017.188"	"3d7.(4F).4s"	"a 3F"	"3"	"3d7.(4P).4p"	"w 3D*"	"3"		"T5720"	"L11631"	
"290.19102"	"0.00007"	"290.191002"	"0.000012"	"830"	"1.78e+07"	"2.25e-02"	"-0.607"	B+	"19350.891"	"53800.859"	"3d6.(5D).4s.4p.(3P*)"	"z 7D*"	"5"	"3d6.(5D).4s (6D).6s"	"g 7D"	"5"		"T5720"	"L11631"	
"290.40844"	"0.00018"	"290.408629"	"0.000019"	"120"	"1.78e+06"	"2.25e-03"	"-1.693"	D+	"21999.130"	"56423.283"	"3d7.(2G).4s"	"a 3G"	"4"	"3d6.(1I).4s.4p.(3P*)"	"u 3H*"	"4"		"T5720"	"L11631"	
"290.75172"	"0.00003"	"290.751736"	"0.000019"	"1450"	"1.61e+07"	"2.49e-02"	"-0.649"	B	"21999.130"	"56382.662"	"3d7.(2G).4s"	"a 3G"	"4"	"3d6.(1I).4s.4p.(3P*)"	"u 3H*"	"5"		"T5720"	"L11631"	
"290.88558"	"0.00007"	"290.885580"	"0.000012"	"309"	"8.98e+06"	"1.47e-02"	"-0.989"	C+	"19757.032"	"54124.744"	"3d6.(5D).4s.4p.(3P*)"	"z 7D*"	"3"	"3d6.(5D).4s (6D).6s"	"g 7D"	"4"		"T5720"	"L11631"	
"291.0928"	"0.0003"	"291.092577"	"0.000019"	"3"	"2.39e+06"	"3.90e-03"	"-1.563"	D+	"22249.429"	"56592.703"	"3d7.(2G).4s"	"a 3G"	"3"	"3d6.(1G2).4s.4p.(3P*)"	"u 3F*"	"4"		"T5720"	"L11631c80"	
"291.21571"	"0.00003"	"291.215723"	"0.000009"	"12900"	"2.61e+06"	"2.58e-03"	"-1.634"	D	"0.000"	"34328.752"	"3d6.4s2"	"a 5D"	"4"	"3d7.(4F).4p"	"y 5F*"	"3"		"T5720"	"L11631"	
"291.22565"	"0.00007"	"291.225641"	"0.000012"	"468"	"1.36e+06"	"1.24e-03"	"-2.063"	C+	"12560.934"	"46888.517"	"3d7.(4F).4s"	"a 3F"	"3"	"3d7.(4P).4p"	"u 5D*"	"2"		"T5720"	"L11631"	
"291.43032"	"0.00007"	"291.430336"	"0.000012"	"500"	"3.30e+06"	"2.52e-03"	"-1.899"	C+	"12968.554"	"47272.027"	"3d7.(4F).4s"	"a 3F"	"2"	"3d7.(4P).4p"	"w 3D*"	"1"		"T5720"	"L11631"	
"291.80246"	"0.00022"	"291.80246"	"0.00004"	"2820bl"	"1.18e+08"	"1.51e-01"	"0.292"	C+	"26105.908"	"60365.637"	"3d7.(2H).4s"	"b 3H"	"6"	"3d6.(3H).4s.4p.(1P*)"	"t 3H*"	"6"		"T5720"	"L11631"	
"291.98403"	"0.00007"	"291.984079"	"0.000012"	"347"	"7.44e+06"	"1.16e-02"	"-0.980"	B	"19562.439"	"53800.859"	"3d6.(5D).4s.4p.(3P*)"	"z 7D*"	"4"	"3d6.(5D).4s (6D).6s"	"g 7D"	"5"		"T5720"	"L11631"	
"292.06904"	"0.00003"	"292.069081"	"0.000012"	"2750"	"6.38e+06"	"8.16e-03"	"-1.389"	B	"12968.554"	"47197.010"	"3d7.(4F).4s"	"a 3F"	"2"	"3d6.(3F2).4s.4p.(3P*)"	"x 3F*"	"2"		"T5720"	"L11631"	
"292.32854"	"0.00003"	"292.32855"	"0.00004"	"1230"	"1.39e+08"	"1.78e-01"	"0.292"	C+	"26351.040"	"60549.116"	"3d7.(2H).4s"	"b 3H"	"5"	"3d6.(3H).4s.4p.(1P*)"	"t 3H*"	"5"		"T5720"	"L11631"	
"292.38524"	"0.00003"	"292.385240"	"0.000019"	"2950"	"2.97e+07"	"3.81e-02"	"-0.378"	B	"21715.732"	"55907.178"	"3d7.(2G).4s"	"a 3G"	"5"	"3d7.(2H).4p"	"1H*"	"5"		"T5720"	"L11631"	
"292.53575"	"0.00003"	"292.535761"	"0.000019"	"1350"	"1.69e+07"	"2.79e-02"	"-0.710"	B	"22249.429"	"56423.283"	"3d7.(2G).4s"	"a 3G"	"3"	"3d6.(1I).4s.4p.(3P*)"	"u 3H*"	"4"		"T5720"	"L11631"	
"292.58987"	"0.00007"	"292.589909"	"0.000012"	"910"	"8.10e+05"	"1.04e-03"	"-2.284"	B	"12968.554"	"47136.084"	"3d7.(4F).4s"	"a 3F"	"2"	"3d7.(4P).4p"	"w 3D*"	"2"		"T5720"	"L11631"	
"292.90069"	"0.00003"	"292.900692"	"0.000012"	"16600"	"5.10e+06"	"4.69e-03"	"-1.484"	B	"415.933"	"34547.211"	"3d6.4s2"	"a 5D"	"3"	"3d7.(4F).4p"	"y 5F*"	"2"		"T5720"	"L11631"	
"292.9117"	"0.0003"	"292.91177"	"0.00003"	"10"	"1.53e+08"	"1.97e-01"	"0.248"	C+	"26627.609"	"60757.596"	"3d7.(2H).4s"	"b 3H"	"4"	"3d6.(3H).4s.4p.(1P*)"	"t 3H*"	"4"		"T5720"	"L11631c80"	
"292.96177"	"0.00007"	"292.961809"	"0.000012"	"490"	"6.72e+05"	"1.21e-03"	"-2.218"	C+	"12968.554"	"47092.712"	"3d7.(4F).4s"	"a 3F"	"2"	"3d6.(3F2).4s.4p.(3P*)"	"x 3F*"	"3"		"T5720"	"L11631"	
"293.69032"	"0.00003"	"293.690315"	"0.000009"	"105000"	"1.40e+07"	"1.81e-02"	"-0.788"	C+	"0.000"	"34039.516"	"3d6.4s2"	"a 5D"	"4"	"3d7.(4F).4p"	"y 5F*"	"4"		"T5720"	"L11631"	
"294.13425"	"0.00003"	"294.134264"	"0.000012"	"15100"	"5.12e+06"	"3.98e-03"	"-1.701"	B	"704.007"	"34692.148"	"3d6.4s2"	"a 5D"	"2"	"3d7.(4F).4p"	"y 5F*"	"1"		"T5720"	"L11631"	
"294.73618"	"0.00007"	"294.736170"	"0.000020"	"710"	"9.30e+06"	"1.21e-02"	"-1.217"	B	"18378.186"	"52296.920"	"3d6.4s2"	"a 3P2"	"2"	"3d7.(2P).4p"	"u 3D*"	"2"		"T5720"	"L11631"	
"294.78758"	"0.00003"	"294.787579"	"0.000012"	"83000"	"1.83e+07"	"2.38e-02"	"-0.778"	B	"415.933"	"34328.752"	"3d6.4s2"	"a 5D"	"3"	"3d7.(4F).4p"	"y 5F*"	"3"		"T5720"	"L11631"	
"294.84334"	"0.00003"	"294.84334"	"0.00003"	"3310"	"3.32e+07"	"4.33e-02"	"-0.410"	B	"21999.130"	"55905.536"	"3d7.(2G).4s"	"a 3G"	"4"	"3d6.(1G2).4s.4p.(3P*)"	"s 3G*"	"4"		"T5720"	"L11631"	
"295.34855"	"0.00003"	"295.348572"	"0.000020"	"2000"	"3.64e+07"	"4.76e-02"	"-0.477"	C+	"22249.429"	"56097.836"	"3d7.(2G).4s"	"a 3G"	"3"	"3d6.(3G).4s.4p.(3P*)"	"1F*"	"3"		"T5720"	"L11631"	
"295.39398"	"0.00003"	"295.393980"	"0.000012"	"69000"	"1.89e+07"	"2.47e-02"	"-0.908"	A	"704.007"	"34547.211"	"3d6.4s2"	"a 5D"	"2"	"3d7.(4F).4p"	"y 5F*"	"2"		"T3547"	"L11631"	
"295.46521"	"0.00003"	"295.465223"	"0.000020"	"1410"	"1.06e+07"	"1.94e-02"	"-1.013"	C+	"18378.186"	"52213.230"	"3d6.4s2"	"a 3P2"	"2"	"3d7.(2D2).4p"	"t 3D*"	"3"		"T5720"	"L11631"	
"295.68560"	"0.00007"	"295.685579"	"0.000020"	"324"	"1.77e+06"	"2.32e-03"	"-1.593"	D+	"21715.732"	"55525.562"	"3d7.(2G).4s"	"a 3G"	"5"	"3d6.(1G2).4s.4p.(3P*)"	"v 3H*"	"5"		"T5720"	"L11631"	
"295.73643"	"0.00003"	"295.736437"	"0.000013"	"46800"	"1.77e+07"	"2.32e-02"	"-1.157"	A	"888.132"	"34692.148"	"3d6.4s2"	"a 5D"	"1"	"3d7.(4F).4p"	"y 5F*"	"1"		"T3547"	"L11631"	
"295.74844"	"0.00007"	"295.748528"	"0.000020"	"720"	"1.31e+07"	"1.03e-02"	"-1.288"	C	"18378.186"	"52180.820"	"3d6.4s2"	"a 3P2"	"2"	"3d7.(2P).4p"	"1P*"	"1"		"T5720"	"L11631"	
"295.99920"	"0.00003"	"295.99919"	"0.00003"	"8500"	"5.02e+07"	"7.79e-02"	"-0.067"	B	"21715.732"	"55489.742"	"3d7.(2G).4s"	"a 3G"	"5"	"3d6.(1G2).4s.4p.(3P*)"	"v 3H*"	"6"		"T5720"	"L11631"	
"296.06592"	"0.00013"	"296.06598"	"0.00003"	"288"	"8.48e+06"	"9.12e-03"	"-0.999"	C+	"23783.619"	"57550.010"	"3d6.4s2"	"b 3G"	"5"	"3d6.(3D).4s.4p.(3P*)"	"t 3F*"	"4"		"T5720"	"L11631"	
"296.52542"	"0.00023"	"296.525433"	"0.000013"	"35500bl*"	"1.16e+07"	"4.60e-02"	"-1.337"	A	"978.074"	"34692.148"	"3d6.4s2"	"a 5D"	"0"	"3d7.(4F).4p"	"y 5F*"	"1"		"T3547"	"L11631"	
"296.68980"	"0.00003"	"296.689802"	"0.000009"	"r"	"2.72e+07"	"4.38e-02"	"-0.404"	A	"0.000"	"33695.397"	"3d6.4s2"	"a 5D"	"4"	"3d7.(4F).4p"	"y 5F*"	"5"		"T3547"	"L11631"	
"296.84776"	"0.00007"	"296.847802"	"0.000020"	"447"	"8.26e+06"	"1.09e-02"	"-1.485"	C+	"19552.478"	"53229.941"	"3d6.4s2"	"a 3P2"	"1"	"3d7.(2D2).4p"	"v 3P*"	"1"		"T5720"	"L11631"	
"296.93596"	"0.00003"	"296.935959"	"0.000013"	"19100"	"3.66e+06"	"1.61e-03"	"-2.315"	A	"888.132"	"34555.597"	"3d6.4s2"	"a 5D"	"1"	"3d6.(5D).4s.4p.(3P*)"	"z 3P*"	"0"		"T3547"	"L11631"	
"296.94744"	"0.00003"	"296.947434"	"0.000013"	"11200"	"2.10e+06"	"2.27e-03"	"-1.602"	D+	"6928.268"	"40594.432"	"3d7.(4F).4s"	"a 5F"	"5"	"3d6.(5D).4s.4p.(1P*)"	"x 5F*"	"4"		"T5720"	"L11631"	
"297.00992"	"0.00003"	"297.009942"	"0.000013"	"56000"	"1.08e+07"	"2.38e-02"	"-1.147"	B+	"888.132"	"34547.211"	"3d6.4s2"	"a 5D"	"1"	"3d7.(4F).4p"	"y 5F*"	"2"		"T3547"	"L11631"	
"297.01179"	"0.00003"	"297.011822"	"0.000013"	"39800"	"3.43e+06"	"2.72e-03"	"-1.866"	B+	"704.007"	"34362.873"	"3d6.4s2"	"a 5D"	"2"	"3d6.(5D).4s.4p.(3P*)"	"z 3P*"	"1"		"T3547"	"L11631"	
"297.31322"	"0.00003"	"297.313230"	"0.000013"	"89000"	"1.35e+07"	"2.51e-02"	"-0.901"	A	"704.007"	"34328.752"	"3d6.4s2"	"a 5D"	"2"	"3d7.(4F).4p"	"y 5F*"	"3"		"T3547"	"L11631"	
"297.32352"	"0.00003"	"297.323506"	"0.000013"	"100000"	"1.83e+07"	"3.13e-02"	"-0.660"	A	"415.933"	"34039.516"	"3d6.4s2"	"a 5D"	"3"	"3d7.(4F).4p"	"y 5F*"	"4"		"T3547"	"L11631"	
"297.61264"	"0.00003"	"297.612673"	"0.000013"	"1510"	"9.70e+06"	"1.81e-02"	"-1.045"	B	"18378.186"	"51969.101"	"3d6.4s2"	"a 3P2"	"2"	"3d7.(2P).4p"	"u 3D*"	"3"		"T5720"	"L11631"	
"298.05322"	"0.00003"	"298.053220"	"0.000020"	"1910"	"1.66e+07"	"2.21e-02"	"-0.810"	B	"22249.429"	"55790.696"	"3d7.(2G).4s"	"a 3G"	"3"	"3d6.(1G2).4s.4p.(3P*)"	"s 3G*"	"3"		"T5720"	"L11631"	
"298.14448"	"0.00003"	"298.144486"	"0.000013"	"107000"	"6.53e+06"	"6.22e-03"	"-1.361"	A	"415.933"	"33946.933"	"3d6.4s2"	"a 5D"	"3"	"3d6.(5D).4s.4p.(3P*)"	"z 3P*"	"2"		"T3547"	"L11631"	
"298.18507"	"0.00022"	"298.184977"	"0.000013"	"2690bl*"	"1.86e+07"	"3.19e-02"	"-0.651"	B	"17550.181"	"51076.628"	"3d7.(4P).4s"	"a 5P"	"3"	"3d6.(5D).4s (6D).5p"	"t 5D*"	"4"		"T5720"	"L11631"	
"298.2228"	"0.0004"	"298.222916"	"0.000020"	"2"	"3.47e+06"	"3.60e-03"	"-1.490"	D+	"24118.819"	"57641.001"	"3d6.4s2"	"b 3G"	"4"	"3d6.(3D).4s.4p.(3P*)"	"t 3F*"	"3"		"T5720"	"L11631c80"	
"298.35695"	"0.00003"	"298.356951"	"0.000009"	"r"	"2.79e+07"	"2.90e-02"	"-0.583"	A	"0.000"	"33507.123"	"3d6.4s2"	"a 5D"	"4"	"3d7.(4F).4p"	"y 5D*"	"3"		"T3547"	"L11631"	
"298.47679"	"0.00003"	"298.476794"	"0.000013"	"2450"	"2.58e+05"	"2.82e-04"	"-2.508"	B	"6928.268"	"40421.938"	"3d7.(4F).4s"	"a 5F"	"5"	"3d5.(6S).4s2.4p"	"y 7P*"	"4"		"T5720"	"L11631"	
"298.64557"	"0.00003"	"298.645581"	"0.000013"	"3800"	"2.19e+05"	"2.92e-04"	"-3.057"	A	"888.132"	"34362.873"	"3d6.4s2"	"a 5D"	"1"	"3d6.(5D).4s.4p.(3P*)"	"z 3P*"	"1"		"T3547"	"L11631"	
"298.72904"	"0.00003"	"298.729033"	"0.000013"	"12300"	"5.25e+06"	"5.47e-03"	"-1.308"	C+	"7376.764"	"40842.154"	"3d7.(4F).4s"	"a 5F"	"4"	"3d6.(5D).4s.4p.(1P*)"	"x 5F*"	"3"		"T5720"	"L11631"	
"298.84711"	"0.00003"	"298.847156"	"0.000013"	"1550"	"5.44e+05"	"7.29e-04"	"-2.183"	B+	"11976.239"	"45428.402"	"3d7.(4F).4s"	"a 3F"	"4"	"3d6.(3H).4s.4p.(3P*)"	"y 3G*"	"4"		"T5720"	"L11631"	
"298.89430"	"0.00018"	"298.89438"	"0.00003"	"100"	"7.99e+05"	"1.07e-03"	"-2.016"	D+	"21999.130"	"55446.008"	"3d7.(2G).4s"	"a 3G"	"4"	"3d6.(1G2).4s.4p.(3P*)"	"v 3H*"	"4"		"T5720"	"L11631"	
"299.03913"	"0.00003"	"299.039127"	"0.000020"	"5200"	"3.5e+07"	"5.8e-02"	"-0.28"	D+	"21999.130"	"55429.819"	"3d7.(2G).4s"	"a 3G"	"4"	"3d6.(1G2).4s.4p.(3P*)"	"s 3G*"	"5"		"T2491n"	"L11631"	
"299.44266"	"0.00003"	"299.442662"	"0.000013"	"r"	"4.39e+07"	"4.22e-02"	"-0.530"	B+	"415.933"	"33801.572"	"3d6.4s2"	"a 5D"	"3"	"3d7.(4F).4p"	"y 5D*"	"2"		"T5720"	"L11631"	
"299.45019"	"0.00003"	"299.450197"	"0.000013"	"26300"	"1.49e+06"	"6.01e-03"	"-2.221"	A	"978.074"	"34362.873"	"3d6.4s2"	"a 5D"	"0"	"3d6.(5D).4s.4p.(3P*)"	"z 3P*"	"1"		"T3547"	"L11631"	
"299.63855"	"0.00003"	"299.638525"	"0.000020"	"1410"	"1.70e+07"	"3.81e-02"	"-0.942"	B	"19552.478"	"52916.295"	"3d6.4s2"	"a 3P2"	"1"	"3d7.(2D2).4p"	"v 3P*"	"2"		"T5720"	"L11631"	
"299.95116"	"0.00003"	"299.951140"	"0.000013"	"112000"	"1.70e+07"	"2.29e-02"	"-0.598"	C	"6928.268"	"40257.314"	"3d7.(4F).4s"	"a 5F"	"5"	"3d6.(5D).4s.4p.(1P*)"	"x 5F*"	"5"		"T5720"	"L11631"	
