obs_wl_air(nm)	unc_obs_wl	ritz_wl_air(nm)	unc_ritz_wl	intens	Aki(s^-1)	fik	log_gf	Acc	Ei(cm-1)	Ek(cm-1)	conf_i	term_i	J_i	conf_k	term_k	J_k	Type	tp_ref	line_ref	
""	""	"243.376496"	"0.000012"	""	"3.87e+03"	"6.88e-06"	"-4.862"	C+'	"0.00000"	"[41076.141]"	"2p6.3s"	"2S"	"1/2"	"2p6.18p"	"2P*"	"3/2"		"T76n,T817"	""	
""	""	"243.376703"	"0.000012"	""	"3.87e+03"	"3.44e-06"	"-5.163"	C+'	"0.00000"	"[41076.106]"	"2p6.3s"	"2S"	"1/2"	"2p6.18p"	"2P*"	"1/2"		"T76n,T817"	""	
""	""	"243.659344"	"0.000012"	""	"4.64e+03"	"8.26e-06"	"-4.782"	C+'	"0.00000"	"[41028.462]"	"2p6.3s"	"2S"	"1/2"	"2p6.17p"	"2P*"	"3/2"		"T76n,T817"	""	
""	""	"243.659599"	"0.000012"	""	"4.64e+03"	"4.13e-06"	"-5.083"	C+'	"0.00000"	"[41028.419]"	"2p6.3s"	"2S"	"1/2"	"2p6.17p"	"2P*"	"1/2"		"T76n,T817"	""	
""	""	"244.000936"	"0.000012"	""	"5.6e+03"	"1.0e-05"	"-4.70"	C+'	"0.00000"	"[40971.028]"	"2p6.3s"	"2S"	"1/2"	"2p6.16p"	"2P*"	"3/2"		"T76n,T817"	""	
""	""	"244.001245"	"0.000012"	""	"5.6e+03"	"5.0e-06"	"-5.00"	C+'	"0.00000"	"[40970.976]"	"2p6.3s"	"2S"	"1/2"	"2p6.16p"	"2P*"	"1/2"		"T76n,T817"	""	
""	""	"244.418818"	"0.000012"	""	"6.8e+03"	"1.2e-05"	"-4.61"	C+'	"0.00000"	"[40900.985]"	"2p6.3s"	"2S"	"1/2"	"2p6.15p"	"2P*"	"3/2"		"T76n,T817"	""	
""	""	"244.419195"	"0.000012"	""	"6.8e+03"	"6.1e-06"	"-4.91"	C+'	"0.00000"	"[40900.922]"	"2p6.3s"	"2S"	"1/2"	"2p6.15p"	"2P*"	"1/2"		"T76n,T817"	""	
""	""	"244.937663"	"0.000012"	""	"8.6e+03"	"1.5e-05"	"-4.51"	C+'	"0.00000"	"[40814.352]"	"2p6.3s"	"2S"	"1/2"	"2p6.14p"	"2P*"	"3/2"		"T76n,T817"	""	
""	""	"244.938137"	"0.000012"	""	"8.6e+03"	"7.7e-06"	"-4.81"	C+'	"0.00000"	"[40814.273]"	"2p6.3s"	"2S"	"1/2"	"2p6.14p"	"2P*"	"1/2"		"T76n,T817"	""	
""	""	"245.593045"	"0.000012"	""	"1.12e+04"	"2.03e-05"	"-4.392"	C+'	"0.00000"	"[40705.444]"	"2p6.3s"	"2S"	"1/2"	"2p6.13p"	"2P*"	"3/2"		"T76n,T817"	""	
""	""	"245.593648"	"0.000012"	""	"1.12e+04"	"1.01e-05"	"-4.693"	C+'	"0.00000"	"[40705.344]"	"2p6.3s"	"2S"	"1/2"	"2p6.13p"	"2P*"	"1/2"		"T76n,T817"	""	
""	""	"246.437851"	"0.000012"	""	"1.44e+04"	"2.62e-05"	"-4.280"	C+'	"0.00000"	"[40565.913]"	"2p6.3s"	"2S"	"1/2"	"2p6.12p"	"2P*"	"3/2"		"T76n,T817"	""	
""	""	"246.438640"	"0.000012"	""	"1.44e+04"	"1.31e-05"	"-4.581"	C+'	"0.00000"	"[40565.783]"	"2p6.3s"	"2S"	"1/2"	"2p6.12p"	"2P*"	"1/2"		"T76n,T817"	""	
""	""	"247.553565"	"0.000012"	""	"1.94e+04"	"3.57e-05"	"-4.147"	C+'	"0.00000"	"40383.097"	"2p6.3s"	"2S"	"1/2"	"2p6.11p"	"2P*"	"3/2"		"T76n,T817"	""	
""	""	"247.554619"	"0.000012"	""	"1.94e+04"	"1.78e-05"	"-4.448"	C+'	"0.00000"	"40382.925"	"2p6.3s"	"2S"	"1/2"	"2p6.11p"	"2P*"	"1/2"		"T76n,T817"	""	
""	""	"249.071261"	"0.000013"	""	"1.89e+04"	"3.52e-05"	"-4.152"	D+	"0.00000"	"40137.043"	"2p6.3s"	"2S"	"1/2"	"2p6.10p"	"2P*"	"3/2"		"T76n"	""	
""	""	"249.072707"	"0.000013"	""	"1.89e+04"	"1.76e-05"	"-4.453"	D+	"0.00000"	"40136.810"	"2p6.3s"	"2S"	"1/2"	"2p6.10p"	"2P*"	"1/2"		"T76n"	""	
""	""	"251.213407"	"0.000013"	""	"3.20e+04"	"6.05e-05"	"-3.917"	D+	"0.00000"	"[39794.810]"	"2p6.3s"	"2S"	"1/2"	"2p6.9p"	"2P*"	"3/2"		"c30,T76n"	""	
""	""	"251.215497"	"0.000013"	""	"3.10e+04"	"2.93e-05"	"-4.232"	C	"0.00000"	"[39794.479]"	"2p6.3s"	"2S"	"1/2"	"2p6.9p"	"2P*"	"1/2"		"c30,T76n"	""	
"254.382"	"0.0004"	"254.38405"	"0.00013"	""	"4.46e+04"	"8.65e-05"	"-3.762"	C+	"0.00000"	"39298.84"	"2p6.3s"	"2S"	"1/2"	"2p6.8p"	"2P*"	"3/2"		"c30,T76n"	"L15055,L6096"	
"254.388"	"0.0004"	"254.38722"	"0.00013"	""	"4.35e+04"	"4.22e-05"	"-4.074"	C+	"0.00000"	"39298.35"	"2p6.3s"	"2S"	"1/2"	"2p6.8p"	"2P*"	"1/2"		"c30,T76n"	"L15055,L6096"	
"259.383"	"0.0004"	"259.38685"	"0.00013"	""	"8.13e+04"	"1.64e-04"	"-3.484"	B	"0.00000"	"38540.93"	"2p6.3s"	"2S"	"1/2"	"2p6.7p"	"2P*"	"3/2"		"c30,T76n"	"L15055,L6096"	
"259.393"	"0.0004"	"259.39190"	"0.00013"	""	"7.96e+04"	"8.03e-05"	"-3.794"	C+	"0.00000"	"38540.18"	"2p6.3s"	"2S"	"1/2"	"2p6.7p"	"2P*"	"1/2"		"c30,T76n"	"L15055,L6096"	
"268.0331"	"0.0004"	"268.03407"	"0.00014"	""	"1.84e+05"	"3.98e-04"	"-3.099"	B+	"0.00000"	"37297.61"	"2p6.3s"	"2S"	"1/2"	"2p6.6p"	"2P*"	"3/2"		"c30,T76n"	"L3319,L6096"	
"268.0421"	"0.0004"	"268.04334"	"0.00014"	""	"1.81e+05"	"1.96e-04"	"-3.407"	B	"0.00000"	"37296.32"	"2p6.3s"	"2S"	"1/2"	"2p6.6p"	"2P*"	"1/2"		"c30,T76n"	"L3319,L6096"	
"285.2811"	"0.0004"	"285.28110"	"0.00016"	"16"	"5.38e+05"	"1.31e-03"	"-2.582"	B+	"0.00000"	"35042.85"	"2p6.3s"	"2S"	"1/2"	"2p6.5p"	"2P*"	"3/2"		"c30,T76n"	"L6096"	
"285.3013"	"0.0004"	"285.30121"	"0.00016"	"15"	"5.31e+05"	"6.48e-04"	"-2.887"	B+	"0.00000"	"35040.38"	"2p6.3s"	"2S"	"1/2"	"2p6.5p"	"2P*"	"1/2"		"c30,T76n"	"L6096"	
