obs_wl_vac(nm)	ritz_wl_vac(nm)	intens	Aki(s^-1)	fik	log_gf	Acc	Ei(cm-1)	Ek(cm-1)	conf_i	term_i	J_i	conf_k	term_k	J_k	Type	tp_ref	line_ref	
""	"158.9173"	""	"4.44e+07"	"5.04e-02"	"-1.298"	E	"0.000"	"62925.80"	"3s2.3p2"	"3P"	"0"	"3s2.3p.6d"	"3D*"	"1"		"T6066LS"	""	
""	"159.1123"	""	"3.32e+07"	"1.26e-02"	"-1.423"	E	"77.115"	"62925.80"	"3s2.3p2"	"3P"	"1"	"3s2.3p.6d"	"3D*"	"1"		"T6066LS"	""	
""	"159.4566"	""	"7.91e+07"	"4.22e-02"	"-0.676"	D	"223.157"	"62936.14"	"3s2.3p2"	"3P"	"2"	"3s2.3p.6d"	"3D*"	"3"		"T6066LS"	""	
""	"159.4829"	""	"2.19e+06"	"5.02e-04"	"-2.600"	E	"223.157"	"62925.80"	"3s2.3p2"	"3P"	"2"	"3s2.3p.6d"	"3D*"	"1"		"T6066LS"	""	
""	"159.4950"	""	"5.92e+07"	"3.76e-02"	"-0.948"	E	"77.115"	"62774.99"	"3s2.3p2"	"3P"	"1"	"3s2.3p.6d"	"3D*"	"2"		"T6066LS"	""	
""	"159.8674"	""	"1.96e+07"	"7.51e-03"	"-1.425"	E	"223.157"	"62774.99"	"3s2.3p2"	"3P"	"2"	"3s2.3p.6d"	"3D*"	"2"		"T6066LS"	""	
"162.571"	"162.5705"	"30"	"7.16e+07"	"8.51e-02"	"-1.070"	E	"0.000"	"61511.77"	"3s2.3p2"	"3P"	"0"	"3s2.3p.5d"	"3D*"	"1"		"T8363"	"L3521"	
""	"162.7746"	""	"5.34e+07"	"2.12e-02"	"-1.197"	E	"77.115"	"61511.77"	"3s2.3p2"	"3P"	"1"	"3s2.3p.5d"	"3D*"	"1"		"T8363"	""	
"162.943"	"162.9441"	"300"	"8.73e+07"	"5.79e-02"	"-0.760"	C	"77.115"	"61447.86"	"3s2.3p2"	"3P"	"1"	"3s2.3p.5d"	"3D*"	"2"		"T5071"	"L3521"	
""	"162.99478"	""	"2.11e+08"	"1.18e-01"	"-0.229"	C	"223.157"	"61574.814"	"3s2.3p2"	"3P"	"2"	"3s2.3p.5d"	"3D*"	"3"		"T5071"	""	
""	"163.1624"	""	"3.54e+06"	"8.48e-04"	"-2.373"	E	"223.157"	"61511.77"	"3s2.3p2"	"3P"	"2"	"3s2.3p.5d"	"3D*"	"1"		"T8363"	""	
""	"163.3328"	""	"1.12e+07"	"4.48e-03"	"-1.650"	D	"223.157"	"61447.86"	"3s2.3p2"	"3P"	"2"	"3s2.3p.5d"	"3D*"	"2"		"T5071"	""	
""	"166.04746"	""	"7.67e+06"	"5.28e-03"	"-1.800"	D	"77.115"	"60300.860"	"3s2.3p2"	"3P"	"1"	"3s2.3p.5d"	"1D*"	"2"		"T5071"	""	
"166.637"	"166.63762"	"50"	"1.75e+07"	"2.19e-02"	"-1.660"	D	"0.000"	"60010.458"	"3s2.3p2"	"3P"	"0"	"3s2.3p.nd"	"a 3P*"	"1"		"T5071"	"L3521"	
"166.762"	"166.7629"	"100"	"8.27e+07"	"1.15e-02"	"-1.462"	E	"77.115"	"60042.50"	"3s2.3p2"	"3P"	"1"	"3s2.3p.nd"	"a 3P*"	"0"		"T8363"	"L3521"	
"166.852"	"166.85203"	"100"	"2.58e+07"	"1.08e-02"	"-1.489"	D	"77.115"	"60010.458"	"3s2.3p2"	"3P"	"1"	"3s2.3p.nd"	"a 3P*"	"1"		"T5071"	"L3521"	
""	"167.11168"	""	"8.30e+06"	"5.79e-03"	"-1.760"	D	"77.115"	"59917.336"	"3s2.3p2"	"3P"	"1"	"3s2.3p.nd"	"a 3P*"	"2"		"T5071"	""	
"167.259"	"167.25960"	"100"	"3.09e+07"	"7.78e-03"	"-1.410"	D+	"223.157"	"60010.458"	"3s2.3p2"	"3P"	"2"	"3s2.3p.nd"	"a 3P*"	"1"		"T5071"	"L3521"	
"167.520"	"167.52052"	"200"	"6.41e+07"	"2.70e-02"	"-0.870"	C	"223.157"	"59917.336"	"3s2.3p2"	"3P"	"2"	"3s2.3p.nd"	"a 3P*"	"2"		"T5071"	"L3521"	
""	"168.94440"	""	"2.20e+01"	"4.71e-08"	"-7.33"	D	"0.000"	"59191.072"	"3s2.3p2"	"3P"	"0"	"3s2.3p.(2P*<3/2>).4f"	"2[3/2]"	"2"	E2	"T5785"	""	
""	"169.16479"	""	"4.38e+00"	"3.13e-09"	"-8.03"	D	"77.115"	"59191.072"	"3s2.3p2"	"3P"	"1"	"3s2.3p.(2P*<3/2>).4f"	"2[3/2]"	"2"	E2	"T5785"	""	
""	"169.1665"	""	"8.62e+01"	"3.70e-08"	"-6.95"	D+	"77.115"	"59190.46"	"3s2.3p2"	"3P"	"1"	"3s2.3p.(2P*<3/2>).4f"	"2[3/2]"	"1"	E2	"T5785"	""	
""	"169.17356"	""	"1.31e-02"	"2.81e-11"	"-10.55"	E	"0.000"	"59110.892"	"3s2.3p2"	"3P"	"0"	"3s2.3p.(2P*<3/2>).4f"	"2[5/2]"	"2"	E2	"T5785"	""	
"169.329"	"169.32935"	"50"	"6.75e+07"	"8.71e-02"	"-1.060"	D+	"0.000"	"59056.508"	"3s2.3p2"	"3P"	"0"	"3s2.3p.4d"	"3D*"	"1"		"T5071"	"L3521"	
""	"169.39455"	""	"3.20e+01"	"2.29e-08"	"-7.16"	D+	"77.115"	"59110.892"	"3s2.3p2"	"3P"	"1"	"3s2.3p.(2P*<3/2>).4f"	"2[5/2]"	"2"	E2	"T5785"	""	
""	"169.39723"	""	"4.31e+00"	"4.33e-09"	"-7.89"	D	"77.115"	"59109.959"	"3s2.3p2"	"3P"	"1"	"3s2.3p.(2P*<3/2>).4f"	"2[5/2]"	"3"	E2	"T5785"	""	
"169.551"	"169.55074"	"50"	"3.97e+07"	"1.71e-02"	"-1.290"	D+	"77.115"	"59056.508"	"3s2.3p2"	"3P"	"1"	"3s2.3p.4d"	"3D*"	"1"		"T5071"	"L3521"	
""	"169.58375"	""	"3.55e+01"	"1.53e-08"	"-7.12"	D+	"223.157"	"59191.072"	"3s2.3p2"	"3P"	"2"	"3s2.3p.(2P*<3/2>).4f"	"2[3/2]"	"2"	E2	"T5785"	""	
""	"169.5855"	""	"2.84e+01"	"7.35e-09"	"-7.43"	D	"223.157"	"59190.46"	"3s2.3p2"	"3P"	"2"	"3s2.3p.(2P*<3/2>).4f"	"2[3/2]"	"1"	E2	"T5785"	""	
""	"169.61263"	""	"1.97e+01"	"1.98e-08"	"-7.23"	D	"77.115"	"59034.988"	"3s2.3p2"	"3P"	"1"	"3s2.3p.(2P*<3/2>).4f"	"2[7/2]"	"3"	E2	"T5785"	""	
"169.620"	"169.6207"	"200"	"1.22e+08"	"8.77e-02"	"-0.580"	C	"77.115"	"59032.19"	"3s2.3p2"	"3P"	"1"	"3s2.3p.4d"	"3D*"	"2"		"T5071"	"L3521"	
"169.794"	"169.7941"	"200"	"1.38e+08"	"8.34e-02"	"-0.380"	C	"223.157"	"59118.03"	"3s2.3p2"	"3P"	"2"	"3s2.3p.4d"	"3D*"	"3"		"T5071"	"L3521"	
""	"169.81465"	""	"4.09e+01"	"1.77e-08"	"-7.05"	D+	"223.157"	"59110.892"	"3s2.3p2"	"3P"	"2"	"3s2.3p.(2P*<3/2>).4f"	"2[5/2]"	"2"	E2	"T5785"	""	
""	"169.81734"	""	"1.04e+02"	"6.29e-08"	"-6.50"	D+	"223.157"	"59109.959"	"3s2.3p2"	"3P"	"2"	"3s2.3p.(2P*<3/2>).4f"	"2[5/2]"	"3"	E2	"T5785"	""	
""	"169.97162"	""	"1.80e+06"	"4.69e-04"	"-2.630"	E	"223.157"	"59056.508"	"3s2.3p2"	"3P"	"2"	"3s2.3p.4d"	"3D*"	"1"		"T5071"	""	
""	"170.03382"	""	"9.65e+00"	"5.86e-09"	"-7.53"	D	"223.157"	"59034.988"	"3s2.3p2"	"3P"	"2"	"3s2.3p.(2P*<3/2>).4f"	"2[7/2]"	"3"	E2	"T5785"	""	
"170.042"	"170.0419"	"50"	"3.12e+07"	"1.35e-02"	"-1.171"	D+	"223.157"	"59032.19"	"3s2.3p2"	"3P"	"2"	"3s2.3p.4d"	"3D*"	"2"		"T5071"	"L3521"	
"170.063"	"170.06360"	"30"	"3.06e+07"	"3.98e-02"	"-1.400"	D+	"0.000"	"58801.529"	"3s2.3p2"	"3P"	"0"	"3s2.3p.4d"	"1P*"	"1"		"T5071"	"L3521"	
"170.286"	"170.28693"	"30"	"1.88e+07"	"8.18e-03"	"-1.610"	D	"77.115"	"58801.529"	"3s2.3p2"	"3P"	"1"	"3s2.3p.4d"	"1P*"	"1"		"T5071"	"L3521"	
"170.443"	"170.4442"	"50"	"2.61e+07"	"1.59e-02"	"-1.100"	D+	"223.157"	"58893.40"	"3s2.3p2"	"3P"	"2"	"3s2.3p.4d"	"1F*"	"3"		"T5071"	"L3521"	
""	"170.71147"	""	"1.21e+06"	"3.17e-04"	"-2.800"	E	"223.157"	"58801.529"	"3s2.3p2"	"3P"	"2"	"3s2.3p.4d"	"1P*"	"1"		"T5071"	""	
""	"176.9786"	""	"2.65e+07"	"1.74e-02"	"-1.060"	D+	"6298.850"	"62802.86"	"3s2.3p2"	"1D"	"2"	"3s2.3p.6d"	"1F*"	"3"		"T5071"	""	
""	"177.22254"	""	"2.39e+05"	"1.87e-04"	"-3.251"	E	"77.115"	"56503.346"	"3s2.3p2"	"3P"	"1"	"3s2.3p.4d"	"1D*"	"2"		"T5071"	""	
"177.683"	"177.68242"	"100w"	"5.83e+06"	"2.76e-03"	"-1.860"	D	"223.157"	"56503.346"	"3s2.3p2"	"3P"	"2"	"3s2.3p.4d"	"1D*"	"2"		"T5071"	"L3521"	
"180.909"	"180.91046"	"50w"	"6.83e+07"	"4.69e-02"	"-0.630"	C	"6298.850"	"61574.814"	"3s2.3p2"	"1D"	"2"	"3s2.3p.5d"	"3D*"	"3"		"T5071"	"L3521"	
""	"181.3269"	""	"1.04e+06"	"5.14e-04"	"-2.590"	E	"6298.850"	"61447.86"	"3s2.3p2"	"1D"	"2"	"3s2.3p.5d"	"3D*"	"2"		"T5071"	""	
"181.407"	"181.4079"	"500w"	"1.15e+08"	"7.96e-02"	"-0.400"	C	"6298.850"	"61423.23"	"3s2.3p2"	"1D"	"2"	"3s2.3p.5d"	"1F*"	"3"		"T5071"	"L3521"	
"183.651"	"183.65100"	"200"	"1.31e+07"	"1.10e-02"	"-1.481"	D+	"77.115"	"54528.220"	"3s2.3p2"	"3P"	"1"	"3s2.3p.5s"	"3P*"	"2"		"T5071"	"L3521"	
"184.115"	"184.11521"	"100w"	"1.50e+07"	"2.29e-02"	"-1.640"	D	"0.000"	"54313.818"	"3s2.3p2"	"3P"	"0"	"3s2.3p.5s"	"3P*"	"1"		"T5071"	"L3521"	
"184.144"	"184.14489"	"200"	"3.67e+07"	"1.87e-02"	"-1.029"	D+	"223.157"	"54528.220"	"3s2.3p2"	"3P"	"2"	"3s2.3p.5s"	"3P*"	"2"		"T5071"	"L3521"	
"184.377"	"184.37699"	"200"	"3.35e+07"	"1.71e-02"	"-1.290"	D+	"77.115"	"54313.818"	"3s2.3p2"	"3P"	"1"	"3s2.3p.5s"	"3P*"	"1"		"T5071"	"L3521"	
"184.551"	"184.55202"	"300"	"1.68e+08"	"2.58e-01"	"-0.588"	C+	"0.000"	"54185.264"	"3s2.3p2"	"3P"	"0"	"3s2.3p.3d"	"3D*"	"1"		"T8363c22"	"L3521"	
"184.610"	"184.61116"	"100"	"5.68e+07"	"9.67e-03"	"-1.537"	E	"77.115"	"54245.020"	"3s2.3p2"	"3P"	"1"	"3s2.3p.5s"	"3P*"	"0"		"T8363"	"L3521"	
"184.747"	"184.74735"	"400"	"2.33e+08"	"1.99e-01"	"-0.224"	C+	"77.115"	"54205.090"	"3s2.3p2"	"3P"	"1"	"3s2.3p.3d"	"3D*"	"2"		"T8363c22"	"L3521"	
"184.814"	"184.81505"	"200"	"1.23e+08"	"6.32e-02"	"-0.722"	C+	"77.115"	"54185.264"	"3s2.3p2"	"3P"	"1"	"3s2.3p.3d"	"3D*"	"1"		"T8363c22"	"L3521"	
"184.874"	"184.87480"	"100"	"3.92e+07"	"1.21e-02"	"-1.218"	D+	"223.157"	"54313.818"	"3s2.3p2"	"3P"	"2"	"3s2.3p.5s"	"3P*"	"1"		"T5071"	"L3521"	
"185.067"	"185.06720"	"500"	"3.05e+08"	"2.19e-01"	"0.039"	C+	"223.157"	"54257.582"	"3s2.3p2"	"3P"	"2"	"3s2.3p.3d"	"3D*"	"3"		"T8363c22"	"L3521"	
"185.246"	"185.24716"	"200"	"7.40e+07"	"3.81e-02"	"-0.720"	C+	"223.157"	"54205.090"	"3s2.3p2"	"3P"	"2"	"3s2.3p.3d"	"3D*"	"2"		"T8363c22"	"L3521"	
"185.315"	"185.31522"	"50"	"7.92e+06"	"2.45e-03"	"-1.912"	C	"223.157"	"54185.264"	"3s2.3p2"	"3P"	"2"	"3s2.3p.3d"	"3D*"	"1"		"T8363c22"	"L3521"	
"187.484"	"187.48424"	"500w"	"1.07e+08"	"3.40e-02"	"-0.770"	D	"6298.850"	"59636.667"	"3s2.3p2"	"1D"	"2"	"3s2.3p.(2P*<3/2>).6s<1/2>"	"(3/2,1/2)*"	"1"		"T5071"	"L3521"	
"188.185"	"188.1854"	"200"	"5.00e+06"	"3.72e-03"	"-1.730"	D+	"223.157"	"53362.24"	"3s2.3p2"	"3P"	"2"	"3s2.3p.3d"	"1F*"	"3"		"T5814"	"L3521"	
""	"189.06372"	""	"4.45e+00"	"2.38e-09"	"-7.92"	D	"6298.850"	"59191.072"	"3s2.3p2"	"1D"	"2"	"3s2.3p.(2P*<3/2>).4f"	"2[3/2]"	"2"	E2	"T5785"	""	
""	"189.0659"	""	"2.28e-03"	"7.33e-13"	"-11.44"	E	"6298.850"	"59190.46"	"3s2.3p2"	"1D"	"2"	"3s2.3p.(2P*<3/2>).4f"	"2[3/2]"	"1"	E2	"T5785"	""	
""	"189.27542"	""	"9.32e+01"	"9.01e-08"	"-6.35"	D+	"6298.850"	"59131.912"	"3s2.3p2"	"1D"	"2"	"3s2.3p.(2P*<3/2>).4f"	"2[9/2]"	"4"	E2	"T5785"	""	
""	"189.35075"	""	"4.66e+00"	"2.50e-09"	"-7.90"	D	"6298.850"	"59110.892"	"3s2.3p2"	"1D"	"2"	"3s2.3p.(2P*<3/2>).4f"	"2[5/2]"	"2"	E2	"T5785"	""	
""	"189.35410"	""	"1.09e+02"	"8.20e-08"	"-6.39"	D+	"6298.850"	"59109.959"	"3s2.3p2"	"1D"	"2"	"3s2.3p.(2P*<3/2>).4f"	"2[5/2]"	"3"	E2	"T5785"	""	
""	"189.62329"	""	"3.03e+01"	"2.29e-08"	"-6.94"	D+	"6298.850"	"59034.988"	"3s2.3p2"	"1D"	"2"	"3s2.3p.(2P*<3/2>).4f"	"2[7/2]"	"3"	E2	"T5785"	""	
"190.133"	"190.1338"	"1000w"	"1.00e+08"	"7.60e-02"	"-0.420"	C	"6298.850"	"58893.40"	"3s2.3p2"	"1D"	"2"	"3s2.3p.4d"	"1F*"	"3"		"T5071"	"L3521"	
"190.466"	"190.46647"	"50w"	"4.87e+06"	"1.59e-03"	"-2.100"	D	"6298.850"	"58801.529"	"3s2.3p2"	"1D"	"2"	"3s2.3p.4d"	"1P*"	"1"		"T5071"	"L3521"	
""	"190.51237"	""	"3.40e+01"	"3.33e-08"	"-6.78"	D+	"6298.850"	"58788.880"	"3s2.3p2"	"1D"	"2"	"3s2.3p.(2P*<1/2>).4f"	"2[7/2]"	"4"	E2	"T5785"	""	
""	"197.75979"	""	"2.79e+07"	"4.91e-02"	"-1.309"	B	"0.000"	"50566.397"	"3s2.3p2"	"3P"	"0"	"3s2.3p.3d"	"3P*"	"1"		"T5814"	""	
""	"197.9205"	""	"8.69e+07"	"1.70e-02"	"-1.292"	B	"77.115"	"50602.44"	"3s2.3p2"	"3P"	"1"	"3s2.3p.3d"	"3P*"	"0"		"T5814"	""	
""	"198.06184"	""	"2.07e+07"	"1.22e-02"	"-1.437"	B	"77.115"	"50566.397"	"3s2.3p2"	"3P"	"1"	"3s2.3p.3d"	"3P*"	"1"		"T5814"	""	
""	"198.32328"	""	"2.18e+07"	"2.14e-02"	"-1.192"	B	"77.115"	"50499.838"	"3s2.3p2"	"3P"	"1"	"3s2.3p.3d"	"3P*"	"2"		"T5814"	""	
""	"198.63640"	""	"3.65e+07"	"1.29e-02"	"-1.190"	B	"223.157"	"50566.397"	"3s2.3p2"	"3P"	"2"	"3s2.3p.3d"	"3P*"	"1"		"T5814"	""	
""	"198.89937"	""	"6.58e+07"	"3.90e-02"	"-0.710"	B	"223.157"	"50499.838"	"3s2.3p2"	"3P"	"2"	"3s2.3p.3d"	"3P*"	"2"		"T5814"	""	
obs_wl_air(nm)	ritz_wl_air(nm)	intens	Aki(s^-1)	fik	log_gf	Acc	Ei(cm-1)	Ek(cm-1)	conf_i	term_i	J_i	conf_k	term_k	J_k	Type	tp_ref	line_ref	
""	"205.81331"	""	"7.08e+07"	"2.70e-02"	"-0.870"	C	"6298.850"	"54871.031"	"3s2.3p2"	"1D"	"2"	"3s2.3p.5s"	"1P*"	"1"		"T5071"	""	
""	"207.27641"	""	"4.59e+05"	"2.96e-04"	"-2.830"	E	"6298.850"	"54528.220"	"3s2.3p2"	"1D"	"2"	"3s2.3p.5s"	"3P*"	"2"		"T5071"	""	
""	"208.20208"	""	"6.45e+06"	"2.52e-03"	"-1.900"	D	"6298.850"	"54313.818"	"3s2.3p2"	"1D"	"2"	"3s2.3p.5s"	"3P*"	"1"		"T5071"	""	
""	"208.44625"	""	"2.73e+06"	"2.49e-03"	"-1.905"	D+	"6298.850"	"54257.582"	"3s2.3p2"	"1D"	"2"	"3s2.3p.3d"	"3D*"	"3"		"T8363c22,T5071"	""	
""	"208.67467"	""	"3.26e+04"	"2.13e-05"	"-3.973"	E	"6298.850"	"54205.090"	"3s2.3p2"	"1D"	"2"	"3s2.3p.3d"	"3D*"	"2"		"T8363c22,T5071"	""	
""	"208.76108"	""	"5.46e+05"	"2.14e-04"	"-2.971"	E	"6298.850"	"54185.264"	"3s2.3p2"	"1D"	"2"	"3s2.3p.3d"	"3D*"	"1"		"T8363c22,T5071"	""	
""	"212.29904"	""	"3.57e+07"	"1.45e-02"	"-1.140"	B	"6298.850"	"53387.334"	"3s2.3p2"	"1D"	"2"	"3s2.3p.3d"	"1P*"	"1"		"T5814"	""	
"212.412"	"212.4122"	"100"	"2.97e+08"	"2.82e-01"	"0.149"	B	"6298.850"	"53362.24"	"3s2.3p2"	"1D"	"2"	"3s2.3p.3d"	"1F*"	"3"		"T5814"	"L3521"	
""	"220.71277"	""	"4.68e-03"	"1.71e-11"	"-10.77"	D	"0.000"	"45293.629"	"3s2.3p2"	"3P"	"0"	"3s.3p3"	"3D*"	"2"	M2	"c22"	""	
"220.798"	"220.79780"	"110"	"2.62e+07"	"5.75e-02"	"-1.240"	B	"0.000"	"45276.188"	"3s2.3p2"	"3P"	"0"	"3s.3p3"	"3D*"	"1"		"T5814"	"L3521"	
""	"220.95132"	""	"4.58e-03"	"7.83e-12"	"-10.63"	D	"77.115"	"45321.848"	"3s2.3p2"	"3P"	"1"	"3s.3p3"	"3D*"	"3"	M2	"c22"	""	
"221.089"	"221.08922"	"115"	"3.46e+07"	"4.23e-02"	"-0.897"	B	"77.115"	"45293.629"	"3s2.3p2"	"3P"	"1"	"3s.3p3"	"3D*"	"2"		"T5814"	"L3521"	
"221.174"	"221.17454"	"110"	"1.81e+07"	"1.33e-02"	"-1.399"	B	"77.115"	"45276.188"	"3s2.3p2"	"3P"	"1"	"3s.3p3"	"3D*"	"1"		"T5814"	"L3521"	
"221.667"	"221.66689"	"120"	"4.54e+07"	"4.69e-02"	"-0.630"	B	"223.157"	"45321.848"	"3s2.3p2"	"3P"	"2"	"3s.3p3"	"3D*"	"3"		"T5814"	"L3521"	
"221.806"	"221.80569"	"120"	"1.09e+07"	"8.05e-03"	"-1.395"	B	"223.157"	"45293.629"	"3s2.3p2"	"3P"	"2"	"3s.3p3"	"3D*"	"2"		"T5814"	"L3521"	
"221.891"	"221.89157"	"50"	"1.05e+06"	"4.63e-04"	"-2.635"	C+	"223.157"	"45276.188"	"3s2.3p2"	"3P"	"2"	"3s.3p3"	"3D*"	"1"		"T5814"	"L3521"	
""	"227.82803"	""	"3.56e+06"	"8.32e-03"	"-2.080"	D	"15394.370"	"59273.575"	"3s2.3p2"	"1S"	"0"	"3s2.3p.(2P*<1/2>).6s<1/2>"	"(1/2,1/2)*"	"1"		"T5071"	""	
""	"228.25724"	""	"1.99e+01"	"7.78e-08"	"-7.11"	D+	"15394.370"	"59191.072"	"3s2.3p2"	"1S"	"0"	"3s2.3p.(2P*<3/2>).4f"	"2[3/2]"	"2"	E2	"T5785"	""	
""	"228.67593"	""	"1.83e+01"	"7.18e-08"	"-7.14"	D+	"15394.370"	"59110.892"	"3s2.3p2"	"1S"	"0"	"3s2.3p.(2P*<3/2>).4f"	"2[5/2]"	"2"	E2	"T5785"	""	
"230.306"	"230.30585"	"55"	"3.48e+08"	"8.32e-01"	"-0.080"	C+	"15394.370"	"58801.529"	"3s2.3p2"	"1S"	"0"	"3s2.3p.4d"	"1P*"	"1"		"T5071"	"L3521"	
"243.515"	"243.51545"	"300"	"4.43e+07"	"3.94e-02"	"-0.706"	B	"6298.850"	"47351.554"	"3s2.3p2"	"1D"	"2"	"3s2.3p.3d"	"1D*"	"2"		"T5814"	"L3521"	
"243.877"	"243.87678"	"65"	"7.91e+05"	"2.12e-03"	"-2.674"	D	"0.000"	"40991.884"	"3s2.3p2"	"3P"	"0"	"3s2.3p.4s"	"1P*"	"1"		"T5814"	"L3521"	
"244.336"	"244.33647"	"65"	"6.28e+05"	"5.62e-4"	"-2.773"	C+	"77.115"	"40991.884"	"3s2.3p2"	"3P"	"1"	"3s2.3p.4s"	"1P*"	"1"		"T5814"	"L3521"	
"245.212"	"245.21180"	"70"	"5.81e+05"	"3.14e-4"	"-2.803"	D	"223.157"	"40991.884"	"3s2.3p2"	"3P"	"2"	"3s2.3p.4s"	"1P*"	"1"		"T5814"	"L3521"	
"250.690"	"250.68970"	"425"	"5.47e+07"	"8.59e-02"	"-0.589"	B	"77.115"	"39955.053"	"3s2.3p2"	"3P"	"1"	"3s2.3p.4s"	"3P*"	"2"		"T5814"	"L3521"	
"251.432"	"251.43156"	"375"	"7.39e+07"	"2.10e-01"	"-0.678"	B	"0.000"	"39760.285"	"3s2.3p2"	"3P"	"0"	"3s2.3p.4s"	"3P*"	"1"		"T5814"	"L3521"	
"251.6113"	"251.61122"	"500"	"1.68e+08"	"1.59e-01"	"-0.100"	B	"223.157"	"39955.053"	"3s2.3p2"	"3P"	"2"	"3s2.3p.4s"	"3P*"	"2"		"T5814"	"L3521"	
"251.9202"	"251.92019"	"350"	"5.49e+07"	"5.22e-02"	"-0.805"	B	"77.115"	"39760.285"	"3s2.3p2"	"3P"	"1"	"3s2.3p.4s"	"3P*"	"1"		"T5814"	"L3521"	
"252.4108"	"252.41077"	"425"	"2.22e+08"	"7.08e-02"	"-0.673"	B	"77.115"	"39683.163"	"3s2.3p2"	"3P"	"1"	"3s2.3p.4s"	"3P*"	"0"		"T5814"	"L3521"	
"252.8509"	"252.85079"	"450"	"9.04e+07"	"5.20e-02"	"-0.585"	B	"223.157"	"39760.285"	"3s2.3p2"	"3P"	"2"	"3s2.3p.4s"	"3P*"	"1"		"T5814"	"L3521"	
"253.2381"	"253.23811"	"110"	"2.45e+07"	"7.08e-02"	"-1.150"	C	"15394.370"	"54871.031"	"3s2.3p2"	"1S"	"0"	"3s2.3p.5s"	"1P*"	"1"		"T5071"	"L3521"	
""	"256.18234"	""	"4.62e-03"	"6.37e-12"	"-10.50"	D	"6298.850"	"45321.848"	"3s2.3p2"	"1D"	"2"	"3s.3p3"	"3D*"	"3"	M2	"c22"	""	
"256.3679"	"256.36774"	"30"	"4.20e-03"	"4.14e-12"	"-10.68"	D	"6298.850"	"45293.629"	"3s2.3p2"	"1D"	"2"	"3s.3p3"	"3D*"	"2"	M2	"c22"	"L3521"	
""	"256.48246"	""	"1.78e-03"	"1.05e-12"	"-11.28"	E	"6298.850"	"45276.188"	"3s2.3p2"	"1D"	"2"	"3s.3p3"	"3D*"	"1"	M2	"c22"	""	
"256.8641"	"256.86398"	"85"	"4.24e+06"	"1.26e-02"	"-1.900"	D	"15394.370"	"54313.818"	"3s2.3p2"	"1S"	"0"	"3s2.3p.5s"	"3P*"	"1"		"T5071"	"L3521"	
"263.1282"	"263.12818"	"190"	"1.06e+08"	"3.30e-01"	"-0.481"	B	"15394.370"	"53387.334"	"3s2.3p2"	"1S"	"0"	"3s2.3p.3d"	"1P*"	"1"		"T5814"	"L3521"	
"288.1579"	"288.15777"	"1000"	"2.17e+08"	"1.62e-01"	"-0.092"	B	"6298.850"	"40991.884"	"3s2.3p2"	"1D"	"2"	"3s2.3p.4s"	"1P*"	"1"		"T5814"	"L3521"	
"297.0355"	"297.03532"	"55"	"6.00e+04"	"7.94e-05"	"-3.401"	E	"6298.850"	"39955.053"	"3s2.3p2"	"1D"	"2"	"3s2.3p.4s"	"3P*"	"2"		"T5814"	"L3521"	
"298.7645"	"298.76434"	"150"	"2.66e+06"	"2.14e-03"	"-1.971"	D+	"6298.850"	"39760.285"	"3s2.3p2"	"1D"	"2"	"3s2.3p.4s"	"3P*"	"1"		"T5814"	"L3521"	
""	"299.97808"	""	"6.57e-04"	"4.43e-12"	"-11.35"	D	"0.000"	"33326.053"	"3s2.3p2"	"3P"	"0"	"3s.3p3"	"5S*"	"2"	M2	"c22"	""	
