obs_wl_air(nm)	ritz_wl_air(nm)	intens	Aki(s^-1)	fik	log_gf	Acc	Ei(cm-1)	Ek(cm-1)	conf_i	term_i	J_i	conf_k	term_k	J_k	Type	tp_ref	line_ref	
"215.080"	"215.07949"	"2"	"6.1e+06"	"1.3e-02"	"-1.90"	C	"0.000"	"46479.813"	"3p6.4s2"	"1S"	"0"	"3p6.4s.8p"	"1P*"	"1"		"T793n"	"L6097"	
"220.073"	"220.07266"	"5"	"1.53e+07"	"3.33e-02"	"-1.477"	C	"0.000"	"45425.358"	"3p6.4s2"	"1S"	"0"	"3p6.4s.7p"	"1P*"	"1"		"T793n"	"L6097"	
"227.546"	"227.54656"	"6"	"3.01e+07"	"7.01e-02"	"-1.154"	C+	"0.000"	"43933.477"	"3p6.4s2"	"1S"	"0"	"3p6.4s.np"	"w 1P*"	"1"		"T134n,T654n"	"L6097"	
"239.856"	"239.85590"	"8"	"1.67e+07"	"4.32e-02"	"-1.364"	C+	"0.000"	"41679.008"	"3p6.4s2"	"1S"	"0"	"3p6.4s.6p"	"1P*"	"1"		"T134n,T654n"	"L6097"	
""	"254.14811"	""	"1.7e+04"	"4.9e-05"	"-4.31"	D	"0.000"	"39335.322"	"3p6.4s2"	"1S"	"0"	"3p6.3d.4p"	"3P*"	"1"		"T654"	""	
""	"261.75413"	""	"1.6e+04"	"4.9e-05"	"-4.31"	D	"0.000"	"38192.392"	"3p6.4s2"	"1S"	"0"	"3p6.3d.4p"	"3D*"	"1"		"T654"	""	
"272.165"	"272.16442"	"7"	"2.7e+05"	"9.0e-04"	"-3.05"	D	"0.000"	"36731.615"	"3p6.4s2"	"1S"	"0"	"3p6.4s.5p"	"1P*"	"1"		"T134n"	"L6097"	
"299.496"	"299.49574"	"9"	"3.67e+07"	"1.48e-01"	"-0.829"	C	"15157.901"	"48537.623"	"3p6.4s.4p"	"3P*"	"0"	"3p6.3d2"	"3P"	"1"		"T539n,LS"	"L6097"	
"299.731"	"299.73158"	"8"	"2.41e+07"	"5.41e-02"	"-0.789"	C	"15210.063"	"48563.522"	"3p6.4s.4p"	"3P*"	"1"	"3p6.3d2"	"3P"	"2"		"T539n,LS"	"L6097"	
"299.964"	"299.96451"	"8"	"2.79e+07"	"3.77e-02"	"-0.947"	C	"15210.063"	"48537.623"	"3p6.4s.4p"	"3P*"	"1"	"3p6.3d2"	"3P"	"1"		"T539n,LS"	"L6097"	
