# Mg II electron-impact widths log10(Gamma_e/ne) [angular FWHM, cm3 s-1] at 10,000 K
# from Kurucz atoms/1201/gf1201.all (SHA256 61feb0e686c25f354fd7b8fa680471c5163695eef56767d8c43502b97a3c2e5c),
# grouped by the outer-orbital configurations of the lower and upper levels (median over components).
lower,upper,log_gamma_e_per_ne_10000K,components
10d,10f,-2.05,3
10d,11f,-1.85,3
10d,11p,-2.79,3
10d,12f,-1.67,3
10d,12p,-2.79,3
10d,13f,-1.51,3
10d,13p,-2.79,3
10d,14f,-2.25,3
10d,14p,-2.79,3
10f,10g,-2.05,3
10f,11d,-2.05,3
10f,11g,-1.91,3
10f,12d,-2.05,3
10f,12g,-1.73,3
10f,13d,-2.05,3
10f,13g,-1.57,3
10f,14d,-2.05,3
10f,14g,-2.05,3
10g,10h,-2.11,3
10g,11f,-1.85,3
10g,11h,-2.11,3
10g,12f,-1.67,3
10g,12h,-2.11,3
10g,13f,-1.51,3
10g,13h,-2.11,3
10g,14f,-2.11,3
10g,14h,-2.11,3
10h,10i,-3.51,3
10h,11g,-1.91,3
10h,11i,-3.51,3
10h,12g,-1.73,3
10h,12i,-3.51,3
10h,13g,-1.57,3
10h,13i,-3.51,3
10h,14g,-2.89,3
10h,14i,-3.51,3
10i,10k,-4.03,3
10i,11h,-3.49,3
10i,11k,-3.91,3
10i,12h,-3.44,3
10i,12k,-4.09,3
10i,13h,-3.42,3
10i,13k,-3.72,3
10i,14h,-3.27,3
10i,14k,-3.62,3
10k,11i,-4.03,3
10k,12i,-3.80,3
10k,13i,-3.88,3
10k,14i,-3.65,3
10p,10d,-2.79,3
10p,11d,-2.59,3
10p,11s,-3.37,2
10p,12d,-2.41,3
10p,12s,-3.18,2
10p,13d,-2.25,3
10p,13s,-3.01,2
10p,14d,-2.11,3
10p,14s,-2.86,2
10s,10p,-3.58,2
10s,11p,-3.54,2
10s,12p,-3.33,2
10s,13p,-3.14,2
10s,14p,-2.91,2
11d,11f,-1.85,3
11d,12f,-1.67,3
11d,12p,-2.59,3
11d,13f,-1.51,3
11d,13p,-2.59,3
11d,14f,-2.25,3
11d,14p,-2.59,3
11f,11g,-1.85,3
11f,12d,-1.85,3
11f,12g,-1.73,3
11f,13d,-1.85,3
11f,13g,-1.57,3
11f,14d,-1.85,3
11f,14g,-1.85,3
11g,11h,-1.91,3
11g,12f,-1.67,3
11g,12h,-1.91,3
11g,13f,-1.51,3
11g,13h,-1.91,3
11g,14f,-1.91,3
11g,14h,-1.91,3
11h,11i,-3.49,3
11h,12g,-1.73,3
11h,12i,-3.49,3
11h,13g,-1.57,3
11h,13i,-3.49,3
11h,14g,-2.89,3
11h,14i,-3.49,3
11i,11k,-3.91,3
11i,12h,-3.44,3
11i,12k,-4.09,3
11i,13h,-3.42,3
11i,13k,-3.72,3
11i,14h,-3.27,3
11i,14k,-3.62,3
11k,12i,-3.80,3
11k,13i,-3.88,3
11k,14i,-3.65,3
11p,11d,-2.59,3
11p,12d,-2.41,3
11p,12s,-3.18,2
11p,13d,-2.25,3
11p,13s,-3.01,2
11p,14d,-2.11,3
11p,14s,-2.86,2
11s,11p,-3.37,2
11s,12p,-3.33,2
11s,13p,-3.14,2
11s,14p,-2.91,2
12d,12f,-1.67,3
12d,13f,-1.51,3
12d,13p,-2.41,3
12d,14f,-2.25,3
12d,14p,-2.41,3
12f,12g,-1.67,3
12f,13d,-1.67,3
12f,13g,-1.57,3
12f,14d,-1.67,3
12f,14g,-1.67,3
12g,12h,-1.73,3
12g,13f,-1.51,3
12g,13h,-1.73,3
12g,14f,-1.73,3
12g,14h,-1.73,3
12h,12i,-3.44,3
12h,13g,-1.57,3
12h,13i,-3.44,3
12h,14g,-2.89,3
12h,14i,-3.44,3
12i,13h,-3.42,3
12i,13k,-3.72,3
12i,14h,-3.27,3
12i,14k,-3.62,3
12k,12i,-3.80,3
12k,13i,-3.88,3
12k,14i,-3.65,3
12p,12d,-2.41,3
12p,13d,-2.25,3
12p,13s,-3.01,2
12p,14d,-2.11,3
12p,14s,-2.86,2
12s,12p,-3.18,2
12s,13p,-3.14,2
12s,14p,-2.91,2
13d,13f,-1.51,3
13d,14f,-2.25,3
13d,14p,-2.25,3
13f,13g,-1.51,3
13f,14d,-1.51,3
13f,14g,-1.51,3
13g,13h,-1.57,3
13g,14f,-1.57,3
13g,14h,-1.57,3
13h,13i,-3.42,3
13h,14g,-2.89,3
13h,14i,-3.42,3
13i,13k,-3.72,3
13i,14h,-3.27,3
13i,14k,-3.62,3
13k,14i,-3.65,3
13p,13d,-2.25,3
13p,14d,-2.11,3
13p,14s,-2.86,2
13s,13p,-3.01,2
13s,14p,-2.91,2
14d,14f,-2.11,3
14f,14g,-2.25,3
14g,14h,-2.89,3
14h,14i,-3.27,3
14i,14k,-3.62,3
14p,14d,-2.11,3
14s,14p,-2.86,2
3d,10f,-2.05,3
3d,10p,-3.76,3
3d,11f,-1.85,3
3d,11p,-3.54,3
3d,12f,-1.67,3
3d,12p,-3.33,3
3d,13f,-1.51,3
3d,13p,-3.14,3
3d,14f,-2.25,3
3d,14p,-2.91,3
3d,4f,-4.94,3
3d,4p,-6.02,3
3d,5f,-3.66,3
3d,5p,-6.02,3
3d,6f,-3.18,3
3d,6p,-5.17,3
3d,7f,-2.82,3
3d,7p,-4.69,3
3d,8f,-2.53,3
3d,8p,-4.33,3
3d,9f,-2.27,3
3d,9p,-4.02,3
3p,10d,-2.79,3
3p,10s,-3.58,2
3p,11d,-2.59,3
3p,11s,-3.37,2
3p,12d,-2.41,3
3p,12s,-3.18,2
3p,13d,-2.25,3
3p,13s,-3.01,2
3p,14d,-2.11,3
3p,14s,-2.86,2
3p,3d,-6.02,3
3p,4d,-4.79,3
3p,4s,-5.69,2
3p,5d,-4.26,3
3p,5s,-5.14,2
3p,6d,-3.86,3
3p,6s,-4.72,2
3p,7d,-3.53,3
3p,7s,-4.36,2
3p,8d,-3.25,3
3p,8s,-4.07,2
3p,9d,-3.00,3
3p,9s,-3.81,2
3s,10p,-3.76,2
3s,11p,-3.54,2
3s,12p,-3.33,2
3s,13p,-3.14,2
3s,14p,-2.91,2
3s,3p,-6.48,2
3s,4p,-6.09,2
3s,5p,-6.09,2
3s,6p,-5.17,2
3s,7p,-4.69,2
3s,8p,-4.33,2
3s,9p,-4.02,2
4d,10f,-2.05,3
4d,10p,-3.76,3
4d,11f,-1.85,3
4d,11p,-3.54,3
4d,12f,-1.67,3
4d,12p,-3.33,3
4d,13f,-1.51,3
4d,13p,-3.14,3
4d,14f,-2.25,3
4d,14p,-2.91,3
4d,4f,-4.79,3
4d,5f,-3.66,3
4d,5p,-4.79,3
4d,6f,-3.18,3
4d,6p,-4.79,3
4d,7f,-2.82,3
4d,7p,-4.69,3
4d,8f,-2.53,3
4d,8p,-4.33,3
4d,9f,-2.27,3
4d,9p,-4.02,3
4f,10d,-2.79,3
4f,10g,-2.11,3
4f,11d,-2.59,3
4f,11g,-1.91,3
4f,12d,-2.41,3
4f,12g,-1.73,3
4f,13d,-2.25,3
4f,13g,-1.57,3
4f,14d,-2.11,3
4f,14g,-2.89,3
4f,5d,-4.26,3
4f,5g,-3.72,3
4f,6d,-3.86,3
4f,6g,-2.98,3
4f,7d,-3.53,3
4f,7g,-2.51,3
4f,8d,-3.25,3
4f,8g,-2.59,3
4f,9d,-3.00,3
4f,9g,-2.33,3
4p,10d,-2.79,3
4p,10s,-3.58,2
4p,11d,-2.59,3
4p,11s,-3.37,2
4p,12d,-2.41,3
4p,12s,-3.18,2
4p,13d,-2.25,3
4p,13s,-3.01,2
4p,14d,-2.11,3
4p,14s,-2.86,2
4p,4d,-4.79,3
4p,5d,-4.26,3
4p,5s,-5.14,2
4p,6d,-3.86,3
4p,6s,-4.72,2
4p,7d,-3.53,3
4p,7s,-4.36,2
4p,8d,-3.25,3
4p,8s,-4.07,2
4p,9d,-3.00,3
4p,9s,-3.81,2
4s,10p,-3.76,2
4s,11p,-3.54,2
4s,12p,-3.33,2
4s,13p,-3.14,2
4s,14p,-2.91,2
4s,4p,-5.69,2
4s,5p,-5.69,2
4s,6p,-5.17,2
4s,7p,-4.69,2
4s,8p,-4.33,2
4s,9p,-4.02,2
5d,10f,-2.05,3
5d,10p,-3.76,3
5d,11f,-1.85,3
5d,11p,-3.54,3
5d,12f,-1.67,3
5d,12p,-3.33,3
5d,13f,-1.51,3
5d,13p,-3.14,3
5d,14f,-2.25,3
5d,14p,-2.91,3
5d,5f,-3.66,3
5d,6f,-3.18,3
5d,6p,-4.26,3
5d,7f,-2.82,3
5d,7p,-4.26,3
5d,8f,-2.53,3
5d,8p,-4.26,3
5d,9f,-2.27,3
5d,9p,-4.02,3
5f,10d,-2.79,3
5f,10g,-2.11,3
5f,11d,-2.59,3
5f,11g,-1.91,3
5f,12d,-2.41,3
5f,12g,-1.73,3
5f,13d,-2.25,3
5f,13g,-1.57,3
5f,14d,-2.11,3
5f,14g,-2.89,3
5f,5g,-3.66,3
5f,6d,-3.66,3
5f,6g,-2.98,3
5f,7d,-3.53,3
5f,7g,-2.51,3
5f,8d,-3.25,3
5f,8g,-2.59,3
5f,9d,-3.00,3
5f,9g,-2.33,3
5g,10f,-2.05,3
5g,10h,-3.51,3
5g,11f,-1.85,3
5g,11h,-3.49,3
5g,12f,-1.67,3
5g,12h,-3.44,3
5g,13f,-1.51,3
5g,13h,-3.42,3
5g,14f,-2.25,3
5g,14h,-3.27,3
5g,6f,-3.18,3
5g,6h,-2.93,3
5g,7f,-2.82,3
5g,7h,-2.50,3
5g,8f,-2.53,3
5g,8h,-3.70,3
5g,9f,-2.27,3
5g,9h,-3.67,3
5p,10d,-2.79,3
5p,10s,-3.58,2
5p,11d,-2.59,3
5p,11s,-3.37,2
5p,12d,-2.41,3
5p,12s,-3.18,2
5p,13d,-2.25,3
5p,13s,-3.01,2
5p,14d,-2.11,3
5p,14s,-2.86,2
5p,5d,-4.26,3
5p,6d,-3.86,3
5p,6s,-4.72,2
5p,7d,-3.53,3
5p,7s,-4.36,2
5p,8d,-3.25,3
5p,8s,-4.07,2
5p,9d,-3.00,3
5p,9s,-3.81,2
5s,10p,-3.76,2
5s,11p,-3.54,2
5s,12p,-3.33,2
5s,13p,-3.14,2
5s,14p,-2.91,2
5s,5p,-5.14,2
5s,6p,-5.14,2
5s,7p,-4.69,2
5s,8p,-4.33,2
5s,9p,-4.02,2
6d,10f,-2.05,3
6d,10p,-3.76,3
6d,11f,-1.85,3
6d,11p,-3.54,3
6d,12f,-1.67,3
6d,12p,-3.33,3
6d,13f,-1.51,3
6d,13p,-3.14,3
6d,14f,-2.25,3
6d,14p,-2.91,3
6d,6f,-3.18,3
6d,7f,-2.82,3
6d,7p,-3.86,3
6d,8f,-2.53,3
6d,8p,-3.86,3
6d,9f,-2.27,3
6d,9p,-3.86,3
6f,10d,-2.79,3
6f,10g,-2.11,3
6f,11d,-2.59,3
6f,11g,-1.91,3
6f,12d,-2.41,3
6f,12g,-1.73,3
6f,13d,-2.25,3
6f,13g,-1.57,3
6f,14d,-2.11,3
6f,14g,-2.89,3
6f,6g,-2.98,3
6f,7d,-3.18,3
6f,7g,-2.51,3
6f,8d,-3.18,3
6f,8g,-2.59,3
6f,9d,-3.00,3
6f,9g,-2.33,3
6g,10f,-2.05,3
6g,10h,-2.98,3
6g,11f,-1.85,3
6g,11h,-2.98,3
6g,12f,-1.67,3
6g,12h,-2.98,3
6g,13f,-1.51,3
6g,13h,-2.98,3
6g,14f,-2.25,3
6g,14h,-2.98,3
6g,6h,-2.93,3
6g,7f,-2.82,3
6g,7h,-2.50,3
6g,8f,-2.53,3
6g,8h,-2.98,3
6g,9f,-2.27,3
6g,9h,-2.98,3
6h,10g,-2.11,3
6h,10i,-2.93,3
6h,11g,-1.91,3
6h,11i,-2.93,3
6h,12g,-1.73,3
6h,12i,-2.93,3
6h,13g,-1.57,3
6h,13i,-2.93,3
6h,14g,-2.89,3
6h,14i,-2.93,3
6h,7g,-2.51,3
6h,7i,-2.93,3
6h,8g,-2.59,3
6h,8i,-2.93,3
6h,9g,-2.33,3
6h,9i,-2.93,3
6p,10d,-2.79,3
6p,10s,-3.58,2
6p,11d,-2.59,3
6p,11s,-3.37,2
6p,12d,-2.41,3
6p,12s,-3.18,2
6p,13d,-2.25,3
6p,13s,-3.01,2
6p,14d,-2.11,3
6p,14s,-2.86,2
6p,6d,-3.86,3
6p,7d,-3.53,3
6p,7s,-4.36,2
6p,8d,-3.25,3
6p,8s,-4.07,2
6p,9d,-3.00,3
6p,9s,-3.81,2
6s,10p,-3.76,2
6s,11p,-3.54,2
6s,12p,-3.33,2
6s,13p,-3.14,2
6s,14p,-2.91,2
6s,6p,-4.72,2
6s,7p,-4.69,2
6s,8p,-4.33,2
6s,9p,-4.02,2
7d,10f,-2.05,3
7d,10p,-3.53,3
7d,11f,-1.85,3
7d,11p,-3.53,3
7d,12f,-1.67,3
7d,12p,-3.33,3
7d,13f,-1.51,3
7d,13p,-3.14,3
7d,14f,-2.25,3
7d,14p,-2.91,3
7d,7f,-2.82,3
7d,8f,-2.53,3
7d,8p,-3.53,3
7d,9f,-2.27,3
7d,9p,-3.53,3
7f,10d,-2.79,3
7f,10g,-2.11,3
7f,11d,-2.59,3
7f,11g,-1.91,3
7f,12d,-2.41,3
7f,12g,-1.73,3
7f,13d,-2.25,3
7f,13g,-1.57,3
7f,14d,-2.11,3
7f,14g,-2.82,3
7f,7g,-2.51,3
7f,8d,-2.82,3
7f,8g,-2.59,3
7f,9d,-2.82,3
7f,9g,-2.33,3
7g,10f,-2.05,3
7g,10h,-2.51,3
7g,11f,-1.85,3
7g,11h,-2.51,3
7g,12f,-1.67,3
7g,12h,-2.51,3
7g,13f,-1.51,3
7g,13h,-2.51,3
7g,14f,-2.25,3
7g,14h,-2.51,3
7g,7h,-2.50,3
7g,8f,-2.51,3
7g,8h,-2.51,3
7g,9f,-2.27,3
7g,9h,-2.51,3
7h,10g,-2.11,3
7h,10i,-2.50,3
7h,11g,-1.91,3
7h,11i,-2.50,3
7h,12g,-1.73,3
7h,12i,-2.50,3
7h,13g,-1.57,3
7h,13i,-2.50,3
7h,14g,-2.50,3
7h,14i,-2.50,3
7h,7i,-2.50,3
7h,8g,-2.50,3
7h,8i,-2.50,3
7h,9g,-2.33,3
7h,9i,-2.50,3
7i,10h,-3.51,3
7i,10k,-4.03,3
7i,11h,-3.49,3
7i,11k,-3.91,3
7i,12h,-3.44,3
7i,12k,-4.09,3
7i,13h,-3.42,3
7i,13k,-3.72,3
7i,14h,-3.27,3
7i,14k,-3.62,3
7i,8h,-3.70,3
7i,8k,-4.27,3
7i,9h,-3.67,3
7i,9k,-4.04,3
7p,10d,-2.79,3
7p,10s,-3.58,2
7p,11d,-2.59,3
7p,11s,-3.37,2
7p,12d,-2.41,3
7p,12s,-3.18,2
7p,13d,-2.25,3
7p,13s,-3.01,2
7p,14d,-2.11,3
7p,14s,-2.86,2
7p,7d,-3.53,3
7p,8d,-3.25,3
7p,8s,-4.07,2
7p,9d,-3.00,3
7p,9s,-3.81,2
7s,10p,-3.76,2
7s,11p,-3.54,2
7s,12p,-3.33,2
7s,13p,-3.14,2
7s,14p,-2.91,2
7s,7p,-4.36,2
7s,8p,-4.33,2
7s,9p,-4.02,2
8d,10f,-2.05,3
8d,10p,-3.25,3
8d,11f,-1.85,3
8d,11p,-3.25,3
8d,12f,-1.67,3
8d,12p,-3.25,3
8d,13f,-1.51,3
8d,13p,-3.14,3
8d,14f,-2.25,3
8d,14p,-2.91,3
8d,8f,-2.53,3
8d,9f,-2.27,3
8d,9p,-3.25,3
8f,10d,-2.53,3
8f,10g,-2.11,3
8f,11d,-2.53,3
8f,11g,-1.91,3
8f,12d,-2.41,3
8f,12g,-1.73,3
8f,13d,-2.25,3
8f,13g,-1.57,3
8f,14d,-2.11,3
8f,14g,-2.53,3
8f,8g,-2.53,3
8f,9d,-2.53,3
8f,9g,-2.33,3
8g,10f,-2.05,3
8g,10h,-2.59,3
8g,11f,-1.85,3
8g,11h,-2.59,3
8g,12f,-1.67,3
8g,12h,-2.59,3
8g,13f,-1.51,3
8g,13h,-2.59,3
8g,14f,-2.25,3
8g,14h,-2.59,3
8g,8h,-2.59,3
8g,9f,-2.27,3
8g,9h,-2.59,3
8h,10g,-2.11,3
8h,10i,-3.70,3
8h,11g,-1.91,3
8h,11i,-3.70,3
8h,12g,-1.73,3
8h,12i,-3.70,3
8h,13g,-1.57,3
8h,13i,-3.70,3
8h,14g,-2.89,3
8h,14i,-3.65,3
8h,8i,-3.70,3
8h,9g,-2.33,3
8h,9i,-3.70,3
8i,10h,-3.51,3
8i,10k,-4.03,3
8i,11h,-3.49,3
8i,11k,-3.91,3
8i,12h,-3.44,3
8i,12k,-4.09,3
8i,13h,-3.42,3
8i,13k,-3.72,3
8i,14h,-3.27,3
8i,14k,-3.62,3
8i,8k,-4.21,3
8i,9h,-3.67,3
8i,9k,-4.04,3
8k,10i,-4.28,3
8k,11i,-4.28,3
8k,12i,-3.80,3
8k,13i,-3.88,3
8k,14i,-3.65,3
8k,9i,-4.18,3
8p,10d,-2.79,3
8p,10s,-3.58,2
8p,11d,-2.59,3
8p,11s,-3.37,2
8p,12d,-2.41,3
8p,12s,-3.18,2
8p,13d,-2.25,3
8p,13s,-3.01,2
8p,14d,-2.11,3
8p,14s,-2.86,2
8p,8d,-3.25,3
8p,9d,-3.00,3
8p,9s,-3.81,2
8s,10p,-3.76,2
8s,11p,-3.54,2
8s,12p,-3.33,2
8s,13p,-3.14,2
8s,14p,-2.91,2
8s,8p,-4.07,2
8s,9p,-4.02,2
9d,10f,-2.05,3
9d,10p,-3.00,3
9d,11f,-1.85,3
9d,11p,-3.00,3
9d,12f,-1.67,3
9d,12p,-3.00,3
9d,13f,-1.51,3
9d,13p,-3.00,3
9d,14f,-2.25,3
9d,14p,-2.91,3
9d,9f,-2.27,3
9f,10d,-2.27,3
9f,10g,-2.11,3
9f,11d,-2.27,3
9f,11g,-1.91,3
9f,12d,-2.27,3
9f,12g,-1.73,3
9f,13d,-2.25,3
9f,13g,-1.57,3
9f,14d,-2.11,3
9f,14g,-2.27,3
9f,9g,-2.27,3
9g,10f,-2.05,3
9g,10h,-2.33,3
9g,11f,-1.85,3
9g,11h,-2.33,3
9g,12f,-1.67,3
9g,12h,-2.33,3
9g,13f,-1.51,3
9g,13h,-2.33,3
9g,14f,-2.25,3
9g,14h,-2.33,3
9g,9h,-2.33,3
9h,10g,-2.11,3
9h,10i,-3.67,3
9h,11g,-1.91,3
9h,11i,-3.67,3
9h,12g,-1.73,3
9h,12i,-3.67,3
9h,13g,-1.57,3
9h,13i,-3.67,3
9h,14g,-2.89,3
9h,14i,-3.65,3
9h,9i,-3.67,3
9i,10h,-3.51,3
9i,10k,-4.03,3
9i,11h,-3.49,3
9i,11k,-3.91,3
9i,12h,-3.44,3
9i,12k,-4.09,3
9i,13h,-3.42,3
9i,13k,-3.72,3
9i,14h,-3.27,3
9i,14k,-3.62,3
9i,9k,-4.04,3
9k,10i,-4.04,3
9k,11i,-4.04,3
9k,12i,-3.80,3
9k,13i,-3.88,3
9k,14i,-3.65,3
9p,10d,-2.79,3
9p,10s,-3.58,2
9p,11d,-2.59,3
9p,11s,-3.37,2
9p,12d,-2.41,3
9p,12s,-3.18,2
9p,13d,-2.25,3
9p,13s,-3.01,2
9p,14d,-2.11,3
9p,14s,-2.86,2
9p,9d,-3.00,3
9s,10p,-3.76,2
9s,11p,-3.54,2
9s,12p,-3.33,2
9s,13p,-3.14,2
9s,14p,-2.91,2
9s,9p,-3.81,2
