wavelength_angstrom,intensity,lower,lower_j,upper,upper_j,log_gf,gA_s
1431.92,60,a 4P,5/2,z 4P*,5/2,-0.46,1130000000.0
1445.43,80,a 4F,3/2,z 4D*,1/2,-0.37,1360000000.0
1445.98,80,a 4F,5/2,z 4D*,3/2,-0.2,2020000000.0
1447.09,80,a 4F,7/2,z 4D*,5/2,-0.08,2650000000.0
1448.5,50B,a 2G,9/2,y 2G*,9/2,-0.35,1410000000.0
1451.63,60,a 2H,11/2,z 2H*,11/2,0.03,3400000000.0
1456.68,100,a 4F,9/2,z 4D*,7/2,0.13,4260000000.0
1495.94,100,a 4F,9/2,z 4F*,9/2,0.26,5440000000.0
1499.45,80,a 4F,7/2,z 4F*,7/2,0.13,3970000000.0
1501.99,100,a 4F,5/2,z 4F*,5/2,-0.35,1310000000.0
1513.81,80,a 2H,9/2,y 2G*,7/2,0.39,7080000000.0
1517.38,50,a 4F,3/2,z 4F*,3/2,-0.23,1700000000.0
1524.91,100,a 2H,11/2,y 2G*,9/2,0.44,7840000000.0
1537.5,60,a 4P,3/2,z 2P*,3/2,-0.48,936000000.0
1546.5,40,a 2F,7/2,x 2F*,7/2,-0.1,2230000000.0
1566.92,50B,a 2D,5/2,y 2D*,3/2,-0.35,1210000000.0
1590.21,100,a 2G,9/2,z 2G*,9/2,0.09,3240000000.0
1598.86,80,a 2F,7/2,x 2D*,5/2,0.08,3140000000.0
1604.72,80,a 2G,7/2,z 2G*,7/2,0.0,2600000000.0
1639.51,80,a 4P,5/2,z 4D*,7/2,-0.3,1240000000.0
1682.77,100,a 2H,11/2,z 2G*,9/2,-0.07,2029999999.9999998
1705.44,100,a 2H,9/2,z 2G*,7/2,-0.27,1230000000.0
1808.7,50,a 2D,5/2,z 2F*,7/2,-0.48,677000000.0
1892.92,100,a 2F,7/2,z 2G*,9/2,-0.49,607000000.0
1938.84,100,a 2F,5/2,z 2G*,7/2,-0.49,572000000.0
2060.29,50,a 2F,7/2,z 2F*,7/2,-0.35,702000000.0
2112.31,40,b 2F,7/2,x 2D*,5/2,-0.38,616000000.0
2240.31,60,b 4P,3/2,z 4P*,5/2,-0.31,654000000.0
2249.52,30,b 4P,5/2,z 4P*,5/2,-0.28,697000000.0
2265.63,60,b 4F,7/2,z 4D*,7/2,-0.41,509000000.0
2273.92,80,b 4F,3/2,z 4D*,1/2,-0.23,765000000.0
2275.23,100,b 4F,5/2,z 4D*,3/2,-0.09,1050000000.0
2279.36,80,b 4P,1/2,z 4P*,3/2,-0.22,781000000.0
2281.51,100,b 4F,7/2,z 4D*,5/2,-0.0,1280000000.0
2284.4,80,b 2F,7/2,y 2G*,9/2,-0.2,802000000.0
2290.36,100,b 2G,9/2,x 2F*,7/2,0.28,2400000000.0
2304.78,60,b 4F,5/2,z 2D*,5/2,-0.38,526000000.0
2309.92,50,b 4P,3/2,z 4P*,1/2,-0.38,515000000.00000006
2313.3,100,b 4F,9/2,z 4D*,7/2,0.23,2120000000.0
2349.21,90,b 4F,3/2,z 2D*,3/2,-0.31,597000000.0
2355.54,80,b 4P,3/2,y 2F*,5/2,-0.25,684000000.0
2362.06,100,b 4F,7/2,z 4F*,9/2,-0.15,853999999.9999999
2362.5,80B,b 2D,5/2,z 4P*,5/2,-0.15,852000000.0
2372.73,100,b 4F,5/2,z 4F*,7/2,-0.19,765000000.0
2387.41,100,b 4F,3/2,z 4F*,5/2,-0.18,772000000.0
2388.23,80,b 2D,5/2,y 2G*,7/2,-0.18,781000000.0
2413.94,100,b 4F,9/2,z 4F*,9/2,0.41,2900000000.0
2414.5,60,b 4F,7/2,z 4F*,7/2,0.2,1800000000.0
2417.16,2,b 4F,5/2,z 4F*,5/2,-0.33,539000000.0
2421.91,100,b 2G,9/2,z 2H*,11/2,0.59,4430000000.0
2446.1,40,b 4P,1/2,y 4D*,3/2,-0.24,643000000.0
2456.99,100,b 4F,9/2,z 4G*,11/2,0.62,4560000000.0
2457.24,20,b 4F,3/2,z 4F*,3/2,-0.21,683000000.0
2468.72,80,b 4F,9/2,z 4F*,7/2,-0.34,501000000.0
2475.87,80,b 2D,3/2,y 2D*,3/2,-0.08,897000000.0000001
2486.02,50,b 4P,1/2,y 4D*,1/2,-0.34,497000000.0
2488.74,60,b 4F,5/2,z 4F*,3/2,-0.41,413999999.99999994
2499.73,100,b 4F,7/2,z 4G*,9/2,0.43,2880000000.0
2545.64,100,b 4F,5/2,z 4G*,7/2,0.27,1930000000.0
2557.94,80,b 4F,9/2,z 4G*,9/2,-0.2,643000000.0
2567.44,50,b 2D,3/2,y 4D*,5/2,-0.14,769000000.0
2586.05,40,b 4P,5/2,z 2P*,3/2,-0.12,747000000.0
2593.75,60,b 4F,7/2,z 4G*,7/2,-0.22,599000000.0
2598.86,80,b 4F,3/2,z 4G*,5/2,0.12,1300000000.0
2612.31,20,b 2D,5/2,y 4D*,3/2,-0.37,420000000.0
2628.67,50,b 2G,7/2,z 2G*,7/2,0.21,1570000000.0
2633.17,80,b 2G,9/2,y 2G*,9/2,0.41,2440000000.0
2634.15,30,b 4F,5/2,z 4G*,5/2,-0.46,338000000.0
2638.12,40bl,b 2F,5/2,z 2G*,7/2,0.2,1510000000.0
2657.99,80,b 2F,7/2,z 2G*,9/2,0.31,1930000000.0
2930.26,40,b 2F,5/2,z 2D*,3/2,-0.39,315000000.0
2937.71,50,b 2F,7/2,z 2D*,5/2,-0.19,498000000.00000006
2989.95,20,b 2F,5/2,z 4F*,5/2,-0.39,303000000.0
3001.84,80,b 2F,7/2,z 2F*,7/2,0.09,914000000.0
3034.87,10,b 2F,5/2,z 2F*,5/2,-0.37,312000000.0
3142.26,80,b 2G,9/2,z 2G*,9/2,-0.37,286000000.0
