At. num,Sp. Name,Ion Charge,El. Name,Prefix,Ionization Energy (eV),Suffix,Uncertainty (a) (eV),References,
"=""41""","=""Nb I""","=""0""","=""Niobium""","=""""","=""6.75885""","=""""","=""0.00004""","=""L6829""",
"=""41""","=""Nb II""","=""+1""","=""Niobium""","=""[""","=""14.32""","=""]""","=""""","=""L3466""",
"=""41""","=""Nb III""","=""+2""","=""Niobium""","=""[""","=""25.04""","=""]""","=""""","=""L17276""",
"=""41""","=""Nb IV""","=""+3""","=""Niobium""","=""""","=""37.611""","=""""","=""0.022""","=""L12094""",
"=""41""","=""Nb V""","=""+4""","=""Niobium""","=""""","=""50.5728""","=""""","=""0.0025""","=""L5437""",
"=""41""","=""Nb VI""","=""+5""","=""Niobium""","=""[""","=""102.069""","=""]""","=""0.006""","=""L11271""",
"=""41""","=""Nb VII""","=""+6""","=""Niobium""","=""""","=""119.1""","=""""","=""0.4""","=""L2933""",
"=""41""","=""Nb VIII""","=""+7""","=""Niobium""","=""(""","=""136.0""","="")""","=""2.1""","=""L8672c99""",
"=""41""","=""Nb IX""","=""+8""","=""Niobium""","=""[""","=""159.2""","=""]""","=""0.7""","=""L5287""",
"=""41""","=""Nb X""","=""+9""","=""Niobium""","=""(""","=""180.0""","="")""","=""2.2""","=""L8672c99""",
"=""41""","=""Nb XI""","=""+10""","=""Niobium""","=""[""","=""200.28""","=""]""","=""0.06""","=""L6833""",
"=""41""","=""Nb XII""","=""+11""","=""Niobium""","=""[""","=""246.1""","=""]""","=""0.4""","=""L6976""",
"=""41""","=""Nb XIII""","=""+12""","=""Niobium""","=""""","=""268.59""","=""""","=""0.04""","=""L4998""",
"=""41""","=""Nb XIV""","=""+13""","=""Niobium""","=""[""","=""482.5""","=""]""","=""1.5""","=""L10191""",
"=""41""","=""Nb XV""","=""+14""","=""Niobium""","=""(""","=""530""","="")""","=""3""","=""L8672c99""",
"=""41""","=""Nb XVI""","=""+15""","=""Niobium""","=""(""","=""581""","="")""","=""3""","=""L8672c99""",
"=""41""","=""Nb XVII""","=""+16""","=""Niobium""","=""(""","=""636""","="")""","=""3""","=""L8672c99""",
"=""41""","=""Nb XVIII""","=""+17""","=""Niobium""","=""(""","=""688""","="")""","=""3""","=""L8672c99""",
"=""41""","=""Nb XIX""","=""+18""","=""Niobium""","=""(""","=""758""","="")""","=""3""","=""L8672c99""",
"=""41""","=""Nb XX""","=""+19""","=""Niobium""","=""(""","=""816""","="")""","=""4""","=""L8672c99""",
"=""41""","=""Nb XXI""","=""+20""","=""Niobium""","=""(""","=""877""","="")""","=""4""","=""L8672c99""",
"=""41""","=""Nb XXII""","=""+21""","=""Niobium""","=""(""","=""940""","="")""","=""4""","=""L8672c99""",
"=""41""","=""Nb XXIII""","=""+22""","=""Niobium""","=""(""","=""1000""","="")""","=""4""","=""L8672c99""",
"=""41""","=""Nb XXIV""","=""+23""","=""Niobium""","=""[""","=""1176""","=""]""","=""4""","=""L11770""",
"=""41""","=""Nb XXV""","=""+24""","=""Niobium""","=""[""","=""1230.6""","=""]""","=""1.3""","=""L11770""",
"=""41""","=""Nb XXVI""","=""+25""","=""Niobium""","=""[""","=""1293.7""","=""]""","=""1.8""","=""L11770""",
"=""41""","=""Nb XXVII""","=""+26""","=""Niobium""","=""[""","=""1368""","=""]""","=""5""","=""L11770""",
"=""41""","=""Nb XXVIII""","=""+27""","=""Niobium""","=""[""","=""1439""","=""]""","=""3""","=""L11770""",
"=""41""","=""Nb XXIX""","=""+28""","=""Niobium""","=""[""","=""1488""","=""]""","=""7""","=""L11770""",
"=""41""","=""Nb XXX""","=""+29""","=""Niobium""","=""[""","=""1625.9""","=""]""","=""2.3""","=""L11770""",
"=""41""","=""Nb XXXI""","=""+30""","=""Niobium""","=""[""","=""1684.97""","=""]""","=""0.05""","=""L11770""",
"=""41""","=""Nb XXXII""","=""+31""","=""Niobium""","=""[""","=""4020.1""","=""]""","=""2.2""","=""L11770""",
"=""41""","=""Nb XXXIII""","=""+32""","=""Niobium""","=""[""","=""4187""","=""]""","=""7""","=""L11770""",
"=""41""","=""Nb XXXIV""","=""+33""","=""Niobium""","=""[""","=""4369""","=""]""","=""9""","=""L11770""",
"=""41""","=""Nb XXXV""","=""+34""","=""Niobium""","=""[""","=""4540""","=""]""","=""30""","=""L11770""",
"=""41""","=""Nb XXXVI""","=""+35""","=""Niobium""","=""[""","=""4815""","=""]""","=""5""","=""L11770""",
"=""41""","=""Nb XXXVII""","=""+36""","=""Niobium""","=""[""","=""5011""","=""]""","=""4""","=""L11770""",
"=""41""","=""Nb XXXVIII""","=""+37""","=""Niobium""","=""[""","=""5265""","=""]""","=""5""","=""L11770""",
"=""41""","=""Nb XXXIX""","=""+38""","=""Niobium""","=""(""","=""5426.066""","="")""","=""0.015""","=""L16264c99""",
"=""41""","=""Nb XL""","=""+39""","=""Niobium""","=""(""","=""22648.046""","="")""","=""0.007""","=""L21139""",
"=""41""","=""Nb XLI""","=""+40""","=""Niobium""","=""(""","=""23388.850""","="")""","=""0.004""","=""L19200""",
Notes:
(a) Uncertainties of some of the listed values are unknown. 

